URL,Último rastreo
https://subdominio.fideltour.com/en/resources/webinars/,2026-05-18 00:00:00
https://subdominio.fideltour.com/en/success-stories/central-urban-hotel/,2026-05-18 00:00:00
https://subdominio.fideltour.com/contacto/,2026-05-18 00:00:00
https://subdominio.fideltour.com/blog/crm/ventajas-integracion-datos-hoteles/,2026-05-12 00:00:00
https://subdominio.fideltour.com/blog/fideltour/fideltour-landings/,2026-05-11 00:00:00
https://subdominio.fideltour.com/blog/fidelizacion/estrategias-fidelizacion-hotelera/,2026-05-11 00:00:00
https://subdominio.fideltour.com/blog/entrevistas/entrevista-fermin-carmona/,2026-05-10 00:00:00
https://subdominio.fideltour.com/blog/fidelizacion/inteligencia-artificial-hoteles/,2026-05-08 00:00:00
https://subdominio.fideltour.com/blog/tag/marketing-para-hoteles/,2026-05-07 00:00:00
https://subdominio.fideltour.com/?fbth-tb=footer-2,2026-05-06 00:00:00
https://subdominio.fideltour.com/blog/reviews/encuestas-para-hoteles-como-hacerlos-y-por-que-son-importantes/,2026-05-06 00:00:00
https://subdominio.fideltour.com/blog/fideltalks/fideltalks-videopodcast-fideltour/,2026-05-01 00:00:00
https://subdominio.fideltour.com/blog/crm/que-tener-en-cuenta-al-elegir-tu-crm-para-hoteles/,2026-04-27 00:00:00
https://subdominio.fideltour.com/pricing-fideltour-dollars/,2026-04-27 00:00:00
https://subdominio.fideltour.com/,2026-04-24 00:00:00
https://subdominio.fideltour.com/blog/marketing/claves-upselling-y-cross-selling-efectivo-hoteles/,2026-04-22 00:00:00
https://subdominio.fideltour.com/blog/category/entrevistas/,2026-04-20 00:00:00
https://subdominio.fideltour.com/en/home-10/,2026-04-20 00:00:00
https://subdominio.fideltour.com/en/home-12/,2026-04-20 00:00:00
https://subdominio.fideltour.com/blog/tag/entrevistas/,2026-04-19 00:00:00
https://subdominio.fideltour.com/blog/marketing/whatsapp-marketing-para-hoteles/,2026-04-18 00:00:00
https://subdominio.fideltour.com/blog/category/fideltalks/,2026-04-17 00:00:00
https://subdominio.fideltour.com/pt-pt/inicio-12/,2026-04-17 00:00:00
https://subdominio.fideltour.com/en/blog/fidelizacion-en/como-la-venta-directa-empodera-a-los-hoteles-frente-a-otas/,2026-04-17 00:00:00
https://subdominio.fideltour.com/blog/marketing/social-proof-para-hoteles/,2026-04-17 00:00:00
https://subdominio.fideltour.com/en/home-4/,2026-04-17 00:00:00
https://subdominio.fideltour.com/pt-pt/academia-fideltour/livros-electronicos-fideltour/,2026-04-17 00:00:00
https://subdominio.fideltour.com/en/blog/fidelizacion-en/analitica-predictiva-hoteles/,2026-04-16 00:00:00
https://subdominio.fideltour.com/en/blog/fidelizacion-en/hacer-encuesta-para-hoteles/,2026-04-16 00:00:00
https://subdominio.fideltour.com/en/blog/category/crm-en/,2026-04-15 00:00:00
https://subdominio.fideltour.com/blog/eventos/anato/,2026-04-14 00:00:00
https://subdominio.fideltour.com/blog/fidelizacion/auditoria-de-fidelizacion-para-hoteles/,2026-04-13 00:00:00
https://subdominio.fideltour.com/landing-page-hoteles/,2026-04-11 00:00:00
https://subdominio.fideltour.com/en/blog/tag/reputacion-hotelera-en/,2026-04-09 00:00:00
https://subdominio.fideltour.com/en/blog/author/estefania-duran/,2026-04-08 00:00:00
https://subdominio.fideltour.com/en/keytel-fr/,2026-04-05 00:00:00
https://subdominio.fideltour.com/tht/,2026-04-03 00:00:00
https://subdominio.fideltour.com/keytel-it/,2026-04-03 00:00:00
https://subdominio.fideltour.com/en/blog/tag/eventos-en/,2026-04-03 00:00:00
https://subdominio.fideltour.com/blog/tag/crm-para-hoteles/,2026-04-03 00:00:00
https://subdominio.fideltour.com/en/blog/tag/fideltour-en/,2026-04-02 00:00:00
https://subdominio.fideltour.com/blog/marketing/black-friday-promociones-hoteles-2/,2026-04-01 00:00:00
https://subdominio.fideltour.com/keytel-fr/,2026-03-30 00:00:00
https://subdominio.fideltour.com/?fbth-tb=case-2,2026-03-30 00:00:00
https://subdominio.fideltour.com/en/success-stories/,2026-03-30 00:00:00
https://subdominio.fideltour.com/pt-pt/os-nossos-clientes/,2026-03-29 00:00:00
https://subdominio.fideltour.com/en/contact/,2026-03-29 00:00:00
https://subdominio.fideltour.com/blog/marketing/estrategias-para-mejorar-marketing-hotelero/,2026-03-29 00:00:00
https://subdominio.fideltour.com/blog/fidelizacion/un-exhaustivo-analisis-del-turista-aleman/,2026-03-29 00:00:00
https://subdominio.fideltour.com/en/resources/ebooks/,2026-03-29 00:00:00
https://subdominio.fideltour.com/en/cookies-policy/,2026-03-29 00:00:00
https://subdominio.fideltour.com/en/tht/,2026-03-29 00:00:00
https://subdominio.fideltour.com/blog/fidelizacion/como-fidelizar-hoteles-independientes/,2026-03-29 00:00:00
https://subdominio.fideltour.com/blog/author/estefania-duran/,2026-03-29 00:00:00
https://subdominio.fideltour.com/en/success-stories/vacation-hotel/,2026-03-29 00:00:00
https://subdominio.fideltour.com/recursos/workshops/,2026-03-29 00:00:00
https://subdominio.fideltour.com/?fbth-tb=footer-09,2026-03-29 00:00:00
https://subdominio.fideltour.com/blog/marketing/como-crear-mapas-automatizados-efectivos/,2026-03-29 00:00:00
https://subdominio.fideltour.com/en/blog/tag/partnership-en/,2026-03-29 00:00:00
https://subdominio.fideltour.com/en/blog/category/fideltour-en/,2026-03-29 00:00:00
https://subdominio.fideltour.com/en/blog/crm-en/5-beneficios-de-contar-con-un-crm-hotelero/,2026-03-29 00:00:00
https://subdominio.fideltour.com/blog/category/fidelizacion/,2026-03-29 00:00:00
https://subdominio.fideltour.com/en/blog/tag/whatsapp-para-hoteles-en/,2026-03-29 00:00:00
https://subdominio.fideltour.com/en/blog/category/fidelizacion-en/,2026-03-29 00:00:00
https://subdominio.fideltour.com/en/blog/tag/marketing-para-hoteles-en/,2026-03-29 00:00:00
https://subdominio.fideltour.com/en/blog/category/marketing-en/,2026-03-29 00:00:00
https://subdominio.fideltour.com/en/blog/tag/entrevistas-en/,2026-03-29 00:00:00
https://subdominio.fideltour.com/blog/marketing/como-mejorar-la-reputacion-online/,2026-03-29 00:00:00
https://subdominio.fideltour.com/en/blog/tag/fideltalks-en/,2026-03-29 00:00:00
https://subdominio.fideltour.com/en/blog/tag/turismo-en/,2026-03-29 00:00:00
https://subdominio.fideltour.com/en/blog/tag/caso-de-exito-en/,2026-03-29 00:00:00
https://subdominio.fideltour.com/en/blog/category/eventos-en/,2026-03-29 00:00:00
https://subdominio.fideltour.com/en/blog/tag/marketing-en/,2026-03-29 00:00:00
https://subdominio.fideltour.com/?fbth-tb=header-02,2026-03-29 00:00:00
https://subdominio.fideltour.com/?fbth-tb=footer-10,2026-03-29 00:00:00
https://subdominio.fideltour.com/?fbth-tb=about-2,2026-03-29 00:00:00
https://subdominio.fideltour.com/?fbth-tb=footer-06,2026-03-29 00:00:00
https://subdominio.fideltour.com/blog/crm/crm-para-hoteles-que-es/,2026-03-29 00:00:00
https://subdominio.fideltour.com/bookassist-lp/,2026-03-29 00:00:00
https://subdominio.fideltour.com/blog/fidelizacion/fidelizar-en-hoteles-resort/,2026-03-29 00:00:00
https://subdominio.fideltour.com/blog/reviews/encuestas-para-hoteles-mejora-negocio/,2026-03-29 00:00:00
https://subdominio.fideltour.com/blog/fidelizacion/fidelizacion-hotelera-tendencias/,2026-03-29 00:00:00
https://subdominio.fideltour.com/blog/tag/turismo/,2026-03-29 00:00:00
https://subdominio.fideltour.com/blog/fideltour/estrategia-fidelizacion-hotelera/,2026-03-29 00:00:00
https://subdominio.fideltour.com/blog/fideltalks/fideltalks-1x06-como-crear-empresa-tecnologica-hotelera/,2026-03-29 00:00:00
https://subdominio.fideltour.com/blog/tag/fidelizacion-hotelera/,2026-03-29 00:00:00
https://subdominio.fideltour.com/pt-pt/historias-de-sucesso/estudo-de-caso-hotel-urbano-mij/,2026-03-29 00:00:00
https://subdominio.fideltour.com/blog/crm/fideltour-social/,2026-03-29 00:00:00
https://subdominio.fideltour.com/blog/tag/caso-de-exito/,2026-03-29 00:00:00
https://subdominio.fideltour.com/blog/marketing/redes-sociales-para-hoteles/,2026-03-29 00:00:00
https://subdominio.fideltour.com/blog/eventos/tianguis-turistico-mexico/,2026-03-28 00:00:00
https://subdominio.fideltour.com/reset-password/,2026-03-28 00:00:00
https://subdominio.fideltour.com/casos-de-exito/hotel-urbano/,2026-03-28 00:00:00
https://subdominio.fideltour.com/blog/fideltour/into-fideltour/,2026-03-20 00:00:00
https://subdominio.fideltour.com/casos-de-exito/hotel-vacacional/,2026-03-19 00:00:00
https://subdominio.fideltour.com/blog/reviews/como-crear-encuesta-perfecta-hotel/,2026-03-19 00:00:00
https://subdominio.fideltour.com/blog/tag/encuestas-para-hoteles/,2026-03-19 00:00:00
https://subdominio.fideltour.com/blog/fideltalks/fideltalks-rebeca-artidiello-cool-hotels/,2026-03-18 00:00:00
https://subdominio.fideltour.com/blog/crm/fideltour-crm-hotelero-fidelizacion-marketing/,2026-03-18 00:00:00
https://subdominio.fideltour.com/blog/fideltalks/fideltalks-episodio2-crear-embajadores-de-marca-para-tu-hotel/,2026-03-14 00:00:00
https://subdominio.fideltour.com/blog/,2026-03-13 00:00:00
https://subdominio.fideltour.com/blog/fideltour/fideltour-empresa-tecnologica-mas-destacada-sector-turistico-sergestur/,2026-03-13 00:00:00
https://subdominio.fideltour.com/blog/fideltour/soho-boutique-hotels/,2026-03-13 00:00:00
https://subdominio.fideltour.com/pt-pt/centralize-os-seus-dados-2/,2026-03-13 00:00:00
https://subdominio.fideltour.com/blog/fideltour/fideltour-refineria-alianza-estrategica-sector-hotelero/,2026-03-13 00:00:00
https://subdominio.fideltour.com/blog/fideltour/whatsapp-para-hoteles-fideltour/,2026-03-13 00:00:00
https://subdominio.fideltour.com/en/blog/eventos-en/fitur-2024/,2026-03-12 00:00:00
https://subdominio.fideltour.com/blog/eventos/fitur-2024/,2026-03-12 00:00:00
https://subdominio.fideltour.com/en/hotel-loyalty/,2026-03-11 00:00:00
https://subdominio.fideltour.com/blog/fidelizacion/inversion-tecnologica-hoteles-rentabilidad/,2026-03-10 00:00:00
https://subdominio.fideltour.com/en/resources/cursos/,2026-03-10 00:00:00
https://subdominio.fideltour.com/blog/fidelizacion/tipo-turismo-baleares/,2026-03-10 00:00:00
https://subdominio.fideltour.com/politica-de-privacidad/,2026-03-10 00:00:00
https://subdominio.fideltour.com/terminos-y-condiciones/,2026-03-07 00:00:00
https://subdominio.fideltour.com/blog/entrevistas/entrevista-victor-fernandez/,2026-03-06 00:00:00
https://subdominio.fideltour.com/pt-pt/registo/,2026-03-04 00:00:00
https://subdominio.fideltour.com/pt-pt/o-que-e-o-fideltour/,2026-03-04 00:00:00
https://subdominio.fideltour.com/en/privacy-policy/,2026-03-04 00:00:00
https://subdominio.fideltour.com/casos-de-exito/,2026-03-04 00:00:00
https://subdominio.fideltour.com/en/blog/fideltour-en/into-fideltour/,2026-03-03 00:00:00
https://subdominio.fideltour.com/pt-pt/academia-fideltour/,2026-03-03 00:00:00
https://subdominio.fideltour.com/en/success-stories/urban-hotel/,2026-03-02 00:00:00
https://subdominio.fideltour.com/en/whatsapp-for-hotels/,2026-03-01 00:00:00
https://subdominio.fideltour.com/?fbth-tb=main-footer,2026-03-01 00:00:00
https://subdominio.fideltour.com/en/blog/fideltour-en/updating-hotelero/,2026-03-01 00:00:00
https://subdominio.fideltour.com/?fbth-tb=mega-menu-2-2-2,2026-03-01 00:00:00
https://subdominio.fideltour.com/?fbth-tb=footer-07,2026-03-01 00:00:00
https://subdominio.fideltour.com/blog/fideltour/updating-hotelero/,2026-03-01 00:00:00
https://subdominio.fideltour.com/en/blog/marketing-en/como-crear-una-landing-page/,2026-02-28 00:00:00
https://subdominio.fideltour.com/perfil/,2026-02-28 00:00:00
https://subdominio.fideltour.com/?fbth-tb=mega-menu-2-2,2026-02-28 00:00:00
https://subdominio.fideltour.com/recursos/ebooks/,2026-02-27 00:00:00
https://subdominio.fideltour.com/en/blog/reviews-en/como-crear-encuesta-perfecta-hotel/,2026-02-27 00:00:00
https://subdominio.fideltour.com/en/contact-2/,2026-02-27 00:00:00
https://subdominio.fideltour.com/pt-pt/ligar-se-ao-seu-cliente-2/,2026-02-27 00:00:00
https://subdominio.fideltour.com/pt-pt/academia-fideltour-2/,2026-02-27 00:00:00
https://subdominio.fideltour.com/en/bookassist-lp-es/,2026-02-26 00:00:00
https://subdominio.fideltour.com/en/keytel-pt/,2026-02-26 00:00:00
https://subdominio.fideltour.com/en/blog/marketing-en/halloween-hoteles/,2026-02-26 00:00:00
https://subdominio.fideltour.com/keytel-pt/,2026-02-26 00:00:00
https://subdominio.fideltour.com/en/blog/marketing-en/estrategias-marketing-hoteles/,2026-02-26 00:00:00
https://subdominio.fideltour.com/blog/tag/reputacion-hotelera/,2026-02-26 00:00:00
https://subdominio.fideltour.com/blog/marketing/como-crear-una-landing-page/,2026-02-26 00:00:00
https://subdominio.fideltour.com/blog/marketing/estrategias-marketing-hoteles/,2026-02-26 00:00:00
https://subdominio.fideltour.com/blog/marketing/halloween-hoteles/,2026-02-26 00:00:00
https://subdominio.fideltour.com/blog/tag/crm/,2026-02-26 00:00:00
https://subdominio.fideltour.com/blog/marketing/estrategias-omnicanal-para-hoteles/,2026-02-26 00:00:00
https://subdominio.fideltour.com/en/hotel-surveys/,2026-02-26 00:00:00
https://subdominio.fideltour.com/en/blog/fideltour-en/soho-boutique-hotels/,2026-02-26 00:00:00
https://subdominio.fideltour.com/en/blog/fideltalks-en/fideltalks-rebeca-artidiello-cool-hotels/,2026-02-26 00:00:00
https://subdominio.fideltour.com/blog/fidelizacion/fidelizar-en-hoteles-es-mucho-mas-que-puntos-y-regalos/,2026-02-25 00:00:00
https://subdominio.fideltour.com/pt-pt/keytel-lp-6/,2026-02-25 00:00:00
https://subdominio.fideltour.com/pt-pt/keytel-lp-2/,2026-02-24 00:00:00
https://subdominio.fideltour.com/en/blog/fideltour-en/fideltour-empresa-tecnologica-mas-destacada-sector-turistico-sergestur/,2026-02-24 00:00:00
https://subdominio.fideltour.com/en/blog/fideltour-en/fideltour-refineria-alianza-estrategica-sector-hotelero/,2026-02-24 00:00:00
https://subdominio.fideltour.com/en/blog/fidelizacion-en/inversion-tecnologica-hoteles-rentabilidad/,2026-02-24 00:00:00
https://subdominio.fideltour.com/pt-pt/keytel-lp-5/,2026-02-24 00:00:00
https://subdominio.fideltour.com/en/blog/,2026-02-23 00:00:00
https://subdominio.fideltour.com/recursos/cursos/,2026-02-23 00:00:00
https://subdominio.fideltour.com/en/blog/fidelizacion-en/fidelizar-en-hoteles-es-mucho-mas-que-puntos-y-regalos/,2026-02-23 00:00:00
https://subdominio.fideltour.com/en/home-7/,2026-02-22 00:00:00
https://subdominio.fideltour.com/en/blog/fideltour-en/whatsapp-para-hoteles-fideltour/,2026-02-22 00:00:00
https://subdominio.fideltour.com/pt-pt/historias-de-sucesso/,2026-02-22 00:00:00
https://subdominio.fideltour.com/en/blog/fidelizacion-en/tipo-turismo-baleares/,2026-02-21 00:00:00
https://subdominio.fideltour.com/en/success-stories/success-story-urban-hotel-mij/,2026-02-21 00:00:00
https://subdominio.fideltour.com/kit-digital-fideltour/,2026-02-20 00:00:00
https://subdominio.fideltour.com/en/blog/marketing-en/segmentos-de-mercado-sector-hotelero/,2026-02-19 00:00:00
https://subdominio.fideltour.com/blog/marketing/segmentos-de-mercado-sector-hotelero/,2026-02-19 00:00:00
https://subdominio.fideltour.com/en/fideltour-connect-centralize-your-data/,2026-02-18 00:00:00
https://subdominio.fideltour.com/pt-pt/politica-de-cookies/,2026-02-18 00:00:00
https://subdominio.fideltour.com/en/blog/fideltalks-en/fideltalks-refineria-como-mejorar-la-venta-directa/,2026-02-18 00:00:00
https://subdominio.fideltour.com/en/blog/fideltalks-en/fideltalks-episodio4-tendencias-marketing-hotelero/,2026-02-18 00:00:00
https://subdominio.fideltour.com/en/blog/marketing-en/black-friday-promociones-hoteles/,2026-02-18 00:00:00
https://subdominio.fideltour.com/blog/fideltalks/fideltalks-refineria-como-mejorar-la-venta-directa/,2026-02-18 00:00:00
https://subdominio.fideltour.com/blog/marketing/black-friday-promociones-hoteles/,2026-02-18 00:00:00
https://subdominio.fideltour.com/en/success-stories/success-story-vacation-protur/,2026-02-18 00:00:00
http://subdominio.fideltour.com/auditoria-fidelizacao/,2026-02-18 00:00:00
https://subdominio.fideltour.com/blog/tag/marketing/,2026-02-18 00:00:00
https://subdominio.fideltour.com/en/blog/fidelizacion-en/como-fidelizar-en-hoteles-boutique/,2026-02-18 00:00:00
https://subdominio.fideltour.com/zavia/,2026-02-18 00:00:00
https://subdominio.fideltour.com/registration-success/,2026-02-18 00:00:00
https://subdominio.fideltour.com/blog/fidelizacion/como-fidelizar-en-hoteles-boutique/,2026-02-18 00:00:00
https://subdominio.fideltour.com/blog/fideltalks/fideltalks-episodio4-tendencias-marketing-hotelero/,2026-02-18 00:00:00
https://subdominio.fideltour.com/en/blog/entrevistas-en/entrevista-javier-zaforteza/,2026-02-17 00:00:00
https://subdominio.fideltour.com/auditoria-fidelizacao/,2026-02-17 00:00:00
https://subdominio.fideltour.com/blog/entrevistas/entrevista-javier-zaforteza/,2026-02-17 00:00:00
https://subdominio.fideltour.com/en/social-networks-for-hotels/,2026-02-17 00:00:00
https://subdominio.fideltour.com/en/blog/fidelizacion-en/fidelizacion-hotelera-claves-para-vender-mas/,2026-02-17 00:00:00
https://subdominio.fideltour.com/blog/fidelizacion/fidelizacion-hotelera-claves-para-vender-mas/,2026-02-17 00:00:00
https://subdominio.fideltour.com/pt-pt/termos-e-condicoes/,2026-02-17 00:00:00
https://subdominio.fideltour.com/en/fideltour-marketing-connect-with-your-customer/,2026-02-13 00:00:00
