Páginas principales,Clics,Impresiones,CTR,Posición
https://www.fideltour.com/,2042.0,27314.0,0.0748,13.47
https://www.fideltour.com/en/,436.0,7887.0,0.0553,5.62
https://www.fideltour.com/?utm_source=google&utm_medium=organic&utm_campaign=google_my_business&utm_content=sitioweb,280.0,8877.0,0.0315,8.85
https://www.fideltour.com/marketplace/,154.0,7115.0,0.0216,10.04
https://grm.fideltour.com/,134.0,911.0,0.1471,3.31
https://www.fideltour.com/equipo/,82.0,5593.0,0.0147,2.34
https://recruit.fideltour.com/jobs/home,79.0,639.0,0.12359999999999999,6.77
https://support.fideltour.com/portal/es/kb/articles/article-21-1-2020,73.0,2665.0,0.0274,11.47
https://www.fideltour.com/pt-pt/,73.0,1666.0,0.0438,26.73
https://sso.fideltour.com/login/,66.0,8299.0,0.008,3.99
https://academy.fideltour.com/,64.0,314.0,0.20379999999999998,6.02
https://www.fideltour.com/pricing/,60.0,2866.0,0.0209,5.9
https://support.fideltour.com/portal/es/kb/espacio-para-desarrolladores/fideltour-public-api,59.0,350.0,0.1686,32.17
https://hotspot.fideltour.com/L3OI/7VP8/stay/form/,48.0,2077.0,0.0231,13.92
https://www.fideltour.com/crm-hoteles/,39.0,17034.0,0.0023,15.16
https://www.fideltour.com/blog/marketing/tendencias-marketing-hotelero/,35.0,2793.0,0.0125,6.37
https://www.fideltour.com/contacto/,33.0,5330.0,0.0062,2.65
https://www.fideltour.com/fidelizacion-hoteles/,32.0,14346.0,0.0022,46.23
https://www.fideltour.com/blog/marketing/razones-landing-page-inversion-hotel/,31.0,3262.0,0.0095,16.76
https://www.fideltour.com/recursos/ebooks/,28.0,487.0,0.0575,27.91
https://support.fideltour.com/portal/es/kb/articles/etiquetas-dinamicas,27.0,500.0,0.054000000000000006,6.68
https://www.fideltour.com/fideltour/,25.0,7894.0,0.0032,1.74
https://www.fideltour.com/blog/fidelizacion/estrategias-fidelizacion-hotelera/,25.0,6647.0,0.0038,28.54
https://www.fideltour.com/blog/fidelizacion/fidelizar-en-hoteles-es-mucho-mas-que-puntos-y-regalos/,24.0,2950.0,0.008100000000000001,18.6
https://www.fideltour.com/encuestas-hoteles/,22.0,4797.0,0.0046,19.38
https://www.fideltour.com/landing-page-hoteles/,22.0,1744.0,0.0126,32.8
https://www.fideltour.com/keytel/,21.0,3467.0,0.0060999999999999995,8.64
https://support.fideltour.com/portal/es/kb,21.0,474.0,0.0443,5.3
https://www.fideltour.com/blog/,20.0,1608.0,0.0124,20.8
https://www.fideltour.com/integracion-portal-cautivo-para-hoteles/,19.0,756.0,0.025099999999999997,22.23
https://www.fideltour.com/marketing-automation-para-hoteles/,17.0,2136.0,0.008,14.34
https://intranet.fideltour.com/es/guest-portal/9V6X/,17.0,563.0,0.0302,10.72
https://support.fideltour.com/portal/es/kb/articles/manual-de-suscripción-de-usuario,17.0,448.0,0.0379,25.79
https://www.fideltour.com/blog/marketing/guia-definitiva-de-marketing-digital-para-tu-hotel/,16.0,29354.0,0.0005,42.56
https://www.fideltour.com/redes-sociales-hoteles/,16.0,3464.0,0.0046,19.73
https://web.fideltour.com/a53c468f-8b6c-4461-a1ed-8a68677a/,16.0,379.0,0.042199999999999994,7.47
https://intranet.fideltour.com/en/guest-portal/TI5B/unsubscribe/303bd4a6135993b1e464da9e9eed3a5d/,15.0,33.0,0.4545,3.88
https://www.fideltour.com/en/home/,14.0,2198.0,0.0064,8.08
https://www.fideltour.com/conecta-con-tus-huespedes/,13.0,3844.0,0.0034000000000000002,14.53
https://www.fideltour.com/clientes/,13.0,3495.0,0.0037,2.67
https://www.fideltour.com/blog/fidelizacion/hacer-encuesta-para-hoteles/,13.0,2355.0,0.0055000000000000005,26.98
https://www.fideltour.com/whatsapp-para-hoteles/,13.0,1229.0,0.0106,7.58
https://www.fideltour.com/kit-digital-fideltour/,13.0,658.0,0.019799999999999998,20.07
https://www.fideltour.com/casos-de-exito/,13.0,582.0,0.0223,13.97
https://support.fideltour.com/portal/es/home,13.0,188.0,0.0691,4.24
https://www.fideltour.com/en/whatsapp-for-hotels/,12.0,2275.0,0.0053,9.43
https://www.fideltour.com/en/who-we-are/,12.0,1366.0,0.0088,4.53
https://www.fideltour.com/cdp-para-hoteles/,12.0,811.0,0.0148,15.54
https://hs.fideltour.com/do-login/,12.0,252.0,0.047599999999999996,5.19
https://intranet.fideltour.com/guest-portal/WIGX/unsubscribe/e1f7f0cadb54f57262030cf63831aa19/,12.0,25.0,0.48,4.88
https://www.fideltour.com/home/,11.0,6863.0,0.0016,12.32
https://www.fideltour.com/blog/marketing/tasa-baja-apertura-email-marketing/,11.0,3462.0,0.0032,48.71
https://www.fideltour.com/blog/marketing/segmentos-de-mercado-sector-hotelero/,11.0,2070.0,0.0053,23.75
https://www.fideltour.com/partners/,11.0,1257.0,0.0088,11.26
https://intranet.fideltour.com/,11.0,220.0,0.05,5.78
https://www.fideltour.com/b2b-para-hoteles/,10.0,1542.0,0.006500000000000001,10.68
https://www.fideltour.com/en/privacy-policy/,10.0,392.0,0.0255,7.47
https://support.fideltour.com/portal/es/kb/articles/introducción,10.0,137.0,0.073,5.42
https://support.fideltour.com/portal/es/kb/articles/cómo-se-usa-el-editor-de-campañas,9.0,165.0,0.0545,5.08
https://support.fideltour.com/portal/en/kb/espacio-para-desarrolladores/fideltour-public-api,9.0,51.0,0.1765,2.31
https://intranet.fideltour.com/en/guest-portal/KJ3Y/unsubscribe/8b3bde118a13197d5e45a0f8f2f54e43/?unsubscribe,9.0,21.0,0.4286,3.38
https://www.fideltour.com/blog/crm/big-data-en-el-sector-hotelero/,8.0,448.0,0.0179,15.02
https://intranet.fideltour.com/account/,8.0,303.0,0.0264,6.24
https://intranet.fideltour.com/en/guest-portal/WU66/unsubscribe/fc59ba772be2b909b1df7f37b5ae2fd3/?unsubscribe,8.0,23.0,0.3478,4.43
https://www.fideltour.com/en/build-customer-loyalty/,7.0,3722.0,0.0019,49.12
https://recruit.fideltour.com/jobs,7.0,2389.0,0.0029,4.8
https://www.fideltour.com/en/captive-portal-for-hotels/,7.0,1979.0,0.0034999999999999996,10.75
https://www.fideltour.com/en/marketplace/,7.0,760.0,0.0092,5.17
https://support.fideltour.com/portal/es/kb/articles/validacion-correo-electronico,7.0,699.0,0.01,52.36
https://intranet.fideltour.com/es/guest-portal/ES/E7J3/,7.0,266.0,0.0263,4.79
https://partners.fideltour.com/,7.0,172.0,0.0407,7.83
https://intranet.fideltour.com/guest-portal/7F4M/unsubscribe/ffa98854c54efda253ef7fb5fe49e1ff/,7.0,18.0,0.3889,2.89
https://www.fideltour.com/blog/marketing/como-mejorar-la-reputacion-online/,6.0,3639.0,0.0016,36.2
https://www.fideltour.com/en/booking-engine-integration-for-hotels/,6.0,3209.0,0.0019,8.44
https://www.fideltour.com/blog/marketing/automatizacion-email-marketing-mejorar-guest-journey/,6.0,1570.0,0.0038,61.08
https://www.fideltour.com/blog/fideltour/dishot-fideltour/,6.0,805.0,0.0075,22.09
https://intranet.fideltour.com/en/guest-portal/9V6X/,6.0,407.0,0.0147,10.56
https://www.fideltour.com/en/fideltour-marketing-connect-with-your-customer/,6.0,333.0,0.018000000000000002,9.72
https://hotspot.fideltour.com/L3OI/1MC7/,6.0,257.0,0.0233,64.98
https://support.fideltour.com/portal/es/kb/articles/spf,6.0,116.0,0.051699999999999996,51.97
https://support.fideltour.com/portal/es/kb/fideltour,6.0,72.0,0.0833,10.18
https://hotspot.fideltour.com/L3OI/1MC7/stay/,6.0,58.0,0.10339999999999999,6.14
https://www.fideltour.com/blog/category/crm/,5.0,2971.0,0.0017000000000000001,27.88
https://www.fideltour.com/en/contact/,5.0,636.0,0.0079,9.56
https://www.fideltour.com/en/hotel-loyalty/,5.0,464.0,0.0108,9.56
https://www.fideltour.com/blog/reviews/como-crear-encuesta-perfecta-hotel/,5.0,353.0,0.014199999999999999,7.37
https://www.fideltour.com/recursos/,5.0,321.0,0.015600000000000001,6.87
https://www.fideltour.com/en/keytel-pt/,5.0,319.0,0.015700000000000002,8.7
https://recruit.fideltour.com/candidateportal,5.0,258.0,0.0194,8.08
https://www.fideltour.com/blog/crm/fideltour-mejor-crm-del-ano/,5.0,247.0,0.0202,10.18
https://support.fideltour.com/portal/en/kb/articles/introduction,5.0,57.0,0.0877,4.28
https://www.fideltour.com/integracion-pms-para-hoteles/,4.0,3555.0,0.0011,22.68
https://www.fideltour.com/en/pms-integration-for-hotels/,4.0,2478.0,0.0016,12.53
https://www.fideltour.com/blog/fidelizacion/fidelizar-en-hoteles-resort/,4.0,1810.0,0.0022,52.79
https://www.fideltour.com/en/connect-with-your-customer/,4.0,1103.0,0.0036,14.16
https://www.fideltour.com/integracion-motor-de-reservas-para-hoteles/,4.0,948.0,0.0042,22.45
https://www.fideltour.com/blog/fideltalks/fideltalks-episodio3-email-marketing-para-hoteles/,4.0,850.0,0.004699999999999999,57.1
https://www.fideltour.com/en/centralize-your-data/,4.0,733.0,0.0055000000000000005,26.16
https://www.fideltour.com/inteligencia-artificial-para-hoteles/,4.0,381.0,0.0105,14.85
https://intranet.fideltour.com/de/guest-portal/9V6X/,4.0,254.0,0.015700000000000002,6.18
https://backend.fideltour.com/t/view/e1f7f0cadb54f57262030cf63831aa19/,4.0,212.0,0.0189,14.24
https://www.fideltour.com/pt-pt/aumente-a-sua-base-de-dados/,4.0,207.0,0.019299999999999998,26.57
https://www.fideltour.com/blog/fidelizacion/fitur-fideltour/,4.0,180.0,0.0222,13.04
https://www.fideltour.com/blog/marketing/la-nueva-estrategia-hotelera-basada-en-ia-geo-y-multicanalidad/,4.0,142.0,0.0282,5.61
https://www.fideltour.com/politica-de-privacidad/,4.0,131.0,0.0305,9.06
https://b2c.roadmap.fideltour.com/,4.0,119.0,0.0336,6.91
https://www.fideltour.com/guest-id-para-hoteles/,4.0,91.0,0.044000000000000004,11.7
https://intranet.fideltour.com/de/pre-checkin/QYLE/OK4E/,4.0,48.0,0.0833,8.42
https://intranet.fideltour.com/es/guest-portal/E7J3/,4.0,46.0,0.087,4.76
https://backend.fideltour.com/t/link/85d5db957d8c5060bab93d762e30f7ea/0335e9582a0ca534df3690a9060a9a78/,4.0,34.0,0.1176,5.88
https://extranet.fideltour.com/,4.0,24.0,0.16670000000000001,21.21
https://intranet.fideltour.com/guest-portal/DJMJ/unsubscribe/431bea1f00b260c9ddd84dc90cdb5980/,4.0,6.0,0.6667000000000001,2.17
https://www.fideltour.com/marketing-hoteles/,3.0,4997.0,0.0006,48.67
https://www.fideltour.com/blog/crm/que-tener-en-cuenta-al-elegir-tu-crm-para-hoteles/,3.0,4557.0,0.0007000000000000001,52.56
https://www.fideltour.com/auditoria-gratuita-hotel/,3.0,3550.0,0.0008,30.25
https://www.fideltour.com/blog/marketing/errores-venta-directa-hotel/,3.0,1912.0,0.0016,36.7
https://www.fideltour.com/en/improve-your-reputation/,3.0,1610.0,0.0019,40.21
https://www.fideltour.com/email-para-hoteles/,3.0,1590.0,0.0019,51.45
https://www.fideltour.com/en/fideltour/,3.0,1148.0,0.0026,4.98
https://www.fideltour.com/en/cdp-for-hotels/,3.0,1146.0,0.0026,9.29
https://www.fideltour.com/en/become-a-partner/,3.0,710.0,0.0042,26.08
https://www.fideltour.com/keytel-pt/,3.0,665.0,0.0045000000000000005,8.03
https://intranet.fideltour.com/es/guest-portal/Z66O/register/,3.0,494.0,0.0060999999999999995,8.22
https://recruit.fideltour.com/jobs/Careers/21704000005418173/Digital-Marketing-Specialist?source=CareerSite,3.0,455.0,0.0066,53.27
https://www.fideltour.com/en/blog/crm-en/5-beneficios-de-contar-con-un-crm-hotelero/,3.0,365.0,0.008199999999999999,55.99
https://www.fideltour.com/en/b2b-for-hotels/,3.0,363.0,0.0083,16.67
https://www.fideltour.com/pt-pt/quem-somos/,3.0,167.0,0.018000000000000002,3.45
https://www.fideltour.com/blog/fideltour/fideltour-startup-lanzadera/,3.0,147.0,0.0204,19.97
https://support.fideltour.com/portal/es/kb/articles/manual-de-instalación-web-tracking,3.0,130.0,0.0231,9.54
https://support.fideltour.com/portal/es/kb/articles/cómo-crear-y-programar-una-campaña-de-tipo-test-a-b,3.0,125.0,0.024,31.89
https://recruit.fideltour.com/jobs/Careers/21704000004586055/Auxiliar-Administrativo?source=CareerSite,3.0,96.0,0.031200000000000002,17.06
https://recruit.fideltour.com/jobs/home/21704000003093003/BDR---Business-Development-Representative?source=CareerSite,3.0,85.0,0.0353,10.4
https://support.fideltour.com/portal/en/kb/articles/validation-of-email,3.0,60.0,0.05,12.23
https://recruit.fideltour.com/jobs/Careers/21704000005420151/QA-Analyst?source=CareerSite,3.0,42.0,0.07139999999999999,13.67
https://recruit.fideltour.com/jobs/Careers/21704000005578009/Director-Financiero---CFO?source=CareerSite,3.0,28.0,0.10710000000000001,6.75
https://subdominio.fideltour.com/blog/fideltour/fideltour-empresa-tecnologica-mas-destacada-sector-turistico-sergestur/,3.0,20.0,0.15,6.45
https://intranet.fideltour.com/en/guest-portal/7MY6/unsubscribe/216e06c260b21140203c6b1ef8228c21/?unsubscribe,3.0,9.0,0.3333,4.11
https://intranet.fideltour.com/en/guest-portal/RMZ1/unsubscribe/0a878d321d3fd8153612d73d7d826a6b/?unsubscribe,3.0,7.0,0.4286,3.86
https://intranet.fideltour.com/en/guest-portal/0CVY/unsubscribe/041b2ec1f902cc0f42732fc5a8f8c663/?unsubscribe,3.0,6.0,0.5,1.83
https://intranet.fideltour.com/guest-portal/D85L/unsubscribe/19167eb7e51dba8a7bfe144891b0eea1/,3.0,3.0,1.0,4.67
https://www.fideltour.com/contacto,2.0,7073.0,0.0003,13.76
https://www.fideltour.com/en/hotel-marketing-automation/,2.0,1858.0,0.0011,18.26
https://www.fideltour.com/registro/,2.0,1514.0,0.0013,5.13
https://www.fideltour.com/en/blog/marketing-en/estrategias-marketing-hoteles/,2.0,1362.0,0.0015,21.12
https://www.fideltour.com/en/crm-for-hotels/,2.0,1091.0,0.0018,11.45
https://www.fideltour.com/blog/crm/fideltour-crm-hotelero-fidelizacion-marketing/,2.0,723.0,0.0028000000000000004,2.85
https://www.fideltour.com/bookassist-lp-es/,2.0,596.0,0.0034000000000000002,8.3
https://www.fideltour.com/blog/reviews/acciones-para-mejorar-reputacion-hotelera/,2.0,580.0,0.0034000000000000002,32.19
https://www.fideltour.com/pt-pt/conheca-o-seu-cliente/,2.0,487.0,0.0040999999999999995,21.36
https://www.fideltour.com/en/social-networks-for-hotels/,2.0,482.0,0.0040999999999999995,9.01
https://www.fideltour.com/reporting-y-analytics-para-hoteles/,2.0,478.0,0.0042,9.24
https://www.fideltour.com/blog/marketing/claves-upselling-y-cross-selling-efectivo-hoteles/,2.0,336.0,0.006,12.08
https://www.fideltour.com/bookassist-lp/,2.0,223.0,0.009000000000000001,34.93
https://subdominio.fideltour.com/en/,2.0,199.0,0.0101,7.71
https://backend.fideltour.com/t/view/6c34a2e82dbf0131f2e5367684303865/,2.0,187.0,0.010700000000000001,27.85
https://www.fideltour.com/en/bookassist-lp-en/,2.0,156.0,0.0128,50.21
https://www.fideltour.com/blog/fideltalks/fideltalks-episodio1-abrirse-paso-entre-las-otas/,2.0,152.0,0.0132,46.05
https://www.fideltour.com/keytel-it/,2.0,137.0,0.0146,15.4
https://backend.fideltour.com/t/view/9983af6ba29624fe7665e803b9663006/,2.0,120.0,0.0167,38.41
https://intranet.fideltour.com/es/guest-portal/ES/K7P4/,2.0,100.0,0.02,8.12
https://web.fideltour.com/a53c468f-8b6c-4461-a1ed-8a68677a/link/aHR0cHM6Ly93ZWIuZmlkZWx0b3VyLmNvbS8xMzhhMjQ2Ni1iZWYwLTQ3N2EtYTkxMS1kMjRhZmQ3Yy8=/,2.0,90.0,0.0222,5.34
https://learn.fideltour.com/external/manual/cloudbeds/article/cloudbeds-support-article?p=a0f1f9539beee4f1ce92b65b4bf3ab0ca8b7e2d0e67dd6a607ecde5370913f7a,2.0,90.0,0.0222,14.32
https://www.fideltour.com/en/landing-page-for-hotels/,2.0,77.0,0.026000000000000002,11.39
https://www.fideltour.com/en/web-push-for-hotels/,2.0,70.0,0.0286,6.01
https://www.fideltour.com/blog/category/eventos/,2.0,55.0,0.0364,20.44
https://support.fideltour.com/portal/es/kb/articles/loyalty,2.0,54.0,0.037000000000000005,4.06
https://support.fideltour.com/portal/en/kb/articles/other-connections,2.0,53.0,0.0377,3.77
https://intranet.fideltour.com/en/guest-portal/Z66O/register/,2.0,51.0,0.0392,5.53
https://www.fideltour.com/pricing-fideltour-dollars/,2.0,40.0,0.05,3.35
https://support.fideltour.com/portal/es/kb/articles/motivos-frecuentes-por-los-que-las-campañas-llegan-a-spam,2.0,40.0,0.05,5.6
https://subdominio.fideltour.com/blog/fideltour/soho-boutique-hotels/,2.0,39.0,0.0513,6.08
https://www.fideltour.com/blog/tag/caso-de-exito/,2.0,36.0,0.0556,19.36
https://backend.fideltour.com/t/view/a44beaebd89e8c3578bbb1ae549f115b/,2.0,31.0,0.0645,8.16
https://intranet.fideltour.com/de/guest-portal/DE/E7J3/,2.0,29.0,0.069,5.97
https://support.fideltour.com/portal/es/kb/articles/cómo-crear-formularios-desde-el-módulo-de-landings-en-fideltour,2.0,25.0,0.08,6.8
https://www.fideltour.com/pt-pt/keytel-lp/,2.0,24.0,0.0833,27.92
https://backend.fideltour.com/t/view/8d869ae27c7d7098a7a1e91a000b9cc9/,2.0,23.0,0.087,27.61
https://subdominio.fideltour.com/en/connect-with-your-customer/,2.0,21.0,0.09519999999999999,8.43
https://support.fideltour.com/portal/en/kb/fideltour,2.0,19.0,0.10529999999999999,31.53
https://support.fideltour.com/portal/en/kb/articles/types-of-email-marketing-campaigns,2.0,15.0,0.1333,2.4
https://backend.fideltour.com/t/link/3785e25ac2151169f8e988c7b90122e3/ee5f6a48f149feedaa562d368d0013332327e0bb89e4b25e1abd67116b840e66/,2.0,15.0,0.1333,15.0
https://subdominio.fideltour.com/blog/fideltalks/fideltalks-rebeca-artidiello-cool-hotels/,2.0,9.0,0.22219999999999998,3.56
https://learn.fideltour.com/external/manual/hoteldatahub-api-v1/article/contactos?p=a0f1f9539beee4f1ce92b65b4bf3ab0c79d06ca6324c0e30103270fe62ca1fdb,2.0,8.0,0.25,5.75
https://intranet.fideltour.com/en/guest-portal/TI5B/unsubscribe/d25777269708b2130acd9f9c3d499a6d/,2.0,5.0,0.4,4.6
https://backend.fideltour.com/t/view/5a49f00590c2aed4cc17fe87d155fe2a/,1.0,760.0,0.0013,37.74
https://www.fideltour.com/roiback/,1.0,575.0,0.0017000000000000001,15.31
https://www.fideltour.com/integracion-chatbot-hoteles/,1.0,504.0,0.002,19.61
https://www.fideltour.com/app-push-para-hoteles/,1.0,502.0,0.002,9.09
https://www.fideltour.com/blog/fidelizacion/fidelizar-a-tu-cliente-mientras-esta-alojado/,1.0,432.0,0.0023,22.77
https://www.fideltour.com/en/free-audit/,1.0,417.0,0.0024,7.84
https://www.fideltour.com/blog/marketing/e-mail-marketing-para-hoteles-por-donde-empezar/,1.0,412.0,0.0024,28.03
https://www.fideltour.com/inicio/,1.0,366.0,0.0027,2.14
https://www.fideltour.com/integracion-bi-hoteles/,1.0,349.0,0.0029,35.08
https://www.fideltour.com/blog/marketing/crm-para-hoteles-vs-crm-generico/,1.0,311.0,0.0032,12.91
https://subdominio.fideltour.com/en/blog/fidelizacion-en/como-la-venta-directa-empodera-a-los-hoteles-frente-a-otas/,1.0,259.0,0.0039000000000000003,10.51
https://www.fideltour.com/en/resources/,1.0,258.0,0.0039000000000000003,6.83
https://backend.fideltour.com/t/view/708b4d854290b595813ce3ce48ae5176/,1.0,253.0,0.004,20.41
https://www.fideltour.com/en/success-stories/success-story-urban-hotel-mij/,1.0,232.0,0.0043,9.66
https://www.fideltour.com/en/blog/fidelizacion-en/analitica-predictiva-hoteles/,1.0,228.0,0.0044,7.56
https://intranet.fideltour.com/guest-portal/ES/K7P4,1.0,223.0,0.0045000000000000005,9.06
https://support.fideltour.com/portal/es/signin,1.0,191.0,0.0052,3.9
https://www.fideltour.com/en/email-for-hotels/,1.0,158.0,0.0063,19.7
https://backend.fideltour.com/t/view/f1b8bff758d548afdceec917dbff3ea7/,1.0,149.0,0.0067,18.31
https://www.fideltour.com/en/artificial-intelligence-for-hotels/,1.0,147.0,0.0068000000000000005,7.45
https://www.fideltour.com/pt-pt/keytel-lp-7/,1.0,140.0,0.0070999999999999995,14.28
https://www.fideltour.com/pt-pt/fidelizar-os-clientes/,1.0,137.0,0.0073,29.07
https://www.fideltour.com/blog/eventos/job-day-uib/,1.0,133.0,0.0075,16.93
https://www.fideltour.com/pt-pt/centralize-os-seus-dados/,1.0,112.0,0.0089,7.05
https://www.fideltour.com/blog/crm/crm-para-hoteles-que-es/,1.0,108.0,0.009300000000000001,62.39
https://www.fideltour.com/en/keytel-fr/,1.0,100.0,0.01,12.83
https://www.fideltour.com/blog/tag/fideltalks/,1.0,98.0,0.0102,15.62
https://www.fideltour.com/blog/tag/whatsapp-para-hoteles/,1.0,88.0,0.011399999999999999,15.28
https://campaigns.roadmap.fideltour.com/,1.0,87.0,0.0115,9.62
https://www.fideltour.com/blog/marketing/whatsapp-hoteles-canal-comunicacion-millenials/,1.0,80.0,0.0125,8.85
https://www.fideltour.com/en/blog/crm-en/crm-para-hoteles-que-es/,1.0,79.0,0.0127,18.06
https://subdominio.fideltour.com/contacto/,1.0,78.0,0.0128,6.15
https://subdominio.fideltour.com/blog/fidelizacion/tipo-turismo-baleares/,1.0,74.0,0.013500000000000002,56.92
https://support.fideltour.com/portal/es/kb/articles/tracker-roi-gtm,1.0,70.0,0.0143,5.6
https://www.fideltour.com/en/terms-and-conditions/,1.0,66.0,0.0152,5.44
https://support.fideltour.com/portal/es/kb/articles/manual-de-configuración-de-dominio-y-ssl-para-fideltour-25-10-2024,1.0,63.0,0.0159,14.1
https://recruit.fideltour.com/jobs/Careers/21704000005597037/Product-Manager?source=RSS,1.0,56.0,0.0179,8.75
https://intranet.fideltour.com/de/guest-portal/E7J3/,1.0,54.0,0.018500000000000003,5.28
https://sso.fideltour.com/recover-password/,1.0,52.0,0.0192,8.27
https://www.fideltour.com/politica-de-cookies/,1.0,42.0,0.023799999999999998,14.74
https://subdominio.fideltour.com/politica-de-privacidad/,1.0,40.0,0.025,6.55
https://learn.fideltour.com/external/manual/cloudbeds/article/cloudbeds-articulo-de-soporte?p=a0f1f9539beee4f1ce92b65b4bf3ab0ca8b7e2d0e67dd6a607ecde5370913f7a,1.0,40.0,0.025,13.47
https://support.fideltour.com/portal/es/kb/espacio-para-desarrolladores/conectores-y-configuración,1.0,35.0,0.0286,5.63
https://www.fideltour.com/tht/,1.0,35.0,0.0286,7.49
https://www.fideltour.com/blog/fideltour/fideltour-landings/,1.0,34.0,0.0294,6.38
https://cdp.roadmap.fideltour.com/,1.0,33.0,0.030299999999999997,14.45
https://intranet.fideltour.com/es/guest-portal/E7J3/register/,1.0,32.0,0.031200000000000002,11.88
https://subdominio.fideltour.com/blog/reviews/encuestas-para-hoteles-como-hacerlos-y-por-que-son-importantes/,1.0,30.0,0.0333,31.43
https://recruit.fideltour.com/jobs/Careers/21704000002806052/Customer-Support?source=CareerSite,1.0,29.0,0.0345,8.72
https://www.fideltour.com/en/blog/category/reviews-en/,1.0,27.0,0.037000000000000005,6.07
https://www.fideltour.com/blog/marketing/fideltour-automation/,1.0,26.0,0.0385,7.38
https://www.fideltour.com/blog/fidelizacion/un-exhaustivo-analisis-del-turista-aleman/,1.0,26.0,0.0385,7.96
https://www.fideltour.com/blog/eventos/fitur-2024/,1.0,25.0,0.04,4.48
https://experiences.roadmap.fideltour.com/,1.0,24.0,0.0417,15.08
https://marketing-automation.fideltour.com/,1.0,24.0,0.0417,20.38
https://support.fideltour.com/portal/en/myarea,1.0,22.0,0.0455,6.05
https://www.fideltour.com/en/resources/ebooks/,1.0,22.0,0.0455,6.27
https://web.fideltour.com/138a2466-bef0-477a-a911-d24afd7c/link/aHR0cHM6Ly9yZXdhcmRzLmFjYnlob2RlbHBhLmNvbS9yZWdpc3Rlcg==/,1.0,22.0,0.0455,8.64
https://b2b.roadmap.fideltour.com/,1.0,21.0,0.047599999999999996,14.1
https://www.fideltour.com/en/success-stories/central-urban-hotel/,1.0,18.0,0.0556,6.22
https://www.fideltour.com/en/blog/tag/fidelizacion-hotelera-en/,1.0,18.0,0.0556,16.56
https://www.fideltour.com/en/resources/workshops/,1.0,15.0,0.0667,5.33
https://recruit.fideltour.com/jobs/home/21704000005229039/Programador-Python-Integraciones-?source=CareerSite,1.0,15.0,0.0667,8.4
https://recruit.fideltour.com/jobs/Careers/21704000005578009/Director-Financiero---CFO?source=RSS,1.0,15.0,0.0667,80.67
https://www.fideltour.com/recursos/workshops/,1.0,14.0,0.07139999999999999,19.93
https://intranet.fideltour.com/guest-portal/KJ3Y/unsubscribe/8b3bde118a13197d5e45a0f8f2f54e43/,1.0,11.0,0.0909,3.73
https://support.fideltour.com/portal/en/kb/fideltour-reviews,1.0,9.0,0.11109999999999999,4.22
https://intranet.fideltour.com/es/guest-portal/V7X5/?recover_password_t,1.0,9.0,0.11109999999999999,20.33
https://subdominio.fideltour.com/en/increase-your-database/,1.0,8.0,0.125,4.5
https://subdominio.fideltour.com/blog/marketing/fideltour-automation/,1.0,8.0,0.125,4.75
https://recruit.fideltour.com/jobs/home/21704000005597037/Product-Manager?source=CareerSite,1.0,8.0,0.125,9.0
https://intranet.fideltour.com/en/guest-portal/TNH5/unsubscribe/d96d5538f7f2c50782d50918d5c36395/?unsubscribe,1.0,6.0,0.16670000000000001,2.17
https://www.fideltour.com/terminos-y-condiciones,1.0,6.0,0.16670000000000001,5.0
https://www.fideltour.com/en/blog/fideltalks-en/fideltalks-refineria-como-mejorar-la-venta-directa/,1.0,6.0,0.16670000000000001,8.17
https://recruit.fideltour.com/jobs/Careers/21704000005229039/Programador-Python-Integraciones-?source=CareerSite,1.0,6.0,0.16670000000000001,13.5
https://www.fideltour.com/blog/tag/encuestas-para-hoteles/,1.0,6.0,0.16670000000000001,40.67
https://www.fideltour.com/recursos/webinars/,1.0,5.0,0.2,2.6
https://recruit.fideltour.com/jobs/Careers/21704000005529072/Key-Account-Manager?source=CareerSite,1.0,5.0,0.2,6.8
https://support.fideltour.com/portal/es/kb/articles/qué-es-la-bonificación-por-nivel-en-el-módulo-de-rewards,1.0,4.0,0.25,3.25
https://intranet.fideltour.com/en/guest-portal/WU66/unsubscribe/fc59ba772be2b909b1df7f37b5ae2fd3/,1.0,3.0,0.3333,4.0
https://subdominio.fideltour.com/blog/category/entrevistas/,1.0,3.0,0.3333,4.67
https://recruit.fideltour.com/jobs/Careers/21704000003093003/BDR---Business-Development-Representative?source=CareerSite,1.0,3.0,0.3333,53.33
http://fideltour.com/,1.0,2.0,0.5,1.0
https://backend.fideltour.com/t/link/ae26810c50fc1b74fd2bbccf27a6d152/36200396079968b670e08d339d4679a01ee2344fd666d07dcd9d99cc491a9581/,1.0,2.0,0.5,1.5
https://intranet.fideltour.com/guest-portal/0CVY/unsubscribe/041b2ec1f902cc0f42732fc5a8f8c663/,1.0,2.0,0.5,3.0
https://intranet.fideltour.com/guest-portal/TNH5/unsubscribe/1eeb299eb1e5a00733ddbab50a24673c/,1.0,1.0,1.0,8.0
https://subdominio.fideltour.com/blog/marketing/como-crear-mapas-automatizados-efectivos/,1.0,1.0,1.0,19.0
https://www.fideltour.com/blog/fideltalks/fideltalks-episodio5-inbound-marketing-para-hoteles/,0.0,1478.0,0.0,21.89
https://marketing.fideltour.com/,0.0,982.0,0.0,1.57
https://www.fideltour.com/blog/crm/5-errores-comunes-elegir-crm-para-hoteles/,0.0,666.0,0.0,57.45
https://www.fideltour.com/en/hotel-surveys/,0.0,523.0,0.0,13.5
https://www.fideltour.com/en/push-app-for-hotels/,0.0,460.0,0.0,6.5
https://www.fideltour.com/keytel-fr/,0.0,451.0,0.0,6.51
https://www.fideltour.com/sms-para-hoteles/,0.0,390.0,0.0,13.93
https://support.fideltour.com/portal/en/kb/articles/prepare-an-effective-satisfaction-survey,0.0,318.0,0.0,65.51
https://subdominio.fideltour.com/blog/marketing/e-mail-marketing-para-hoteles-por-donde-empezar/,0.0,317.0,0.0,59.77
https://www.fideltour.com/en/reporting-and-analytics-for-hotels/,0.0,271.0,0.0,7.07
https://backend.fideltour.com/t/view/dbea6aa471e3195e5b9125e2520098be/,0.0,210.0,0.0,41.11
https://www.fideltour.com/blog/eventos/world-travel-market/,0.0,201.0,0.0,25.91
https://backend.fideltour.com/t/view/e2bbe1d374ff7dd416dfcc0a7b588dc5/,0.0,192.0,0.0,32.22
https://www.fideltour.com/en/chatbot-for-hotels/,0.0,182.0,0.0,8.62
https://www.fideltour.com/pt-pt/ligar-se-ao-seu-cliente/,0.0,176.0,0.0,13.89
https://support.fideltour.com/portal/en/kb/articles/when-is-the-best-time-to-launch-a-campaign,0.0,163.0,0.0,8.36
https://www.fideltour.com/en/our-customers/,0.0,158.0,0.0,8.06
https://www.fideltour.com/blog/category/fideltour/,0.0,147.0,0.0,12.74
https://intranet.fideltour.com/es/guest-portal/V7X5/,0.0,144.0,0.0,3.62
https://www.fideltour.com/en/keytel-en/,0.0,140.0,0.0,8.93
https://backend.fideltour.com/t/view/59f58d493570a89c77566c6440f3688c/,0.0,135.0,0.0,25.88
https://www.fideltour.com/redes-sociales.hoteles/,0.0,124.0,0.0,8.24
https://www.fideltour.com/terminos-y-condiciones/,0.0,102.0,0.0,9.52
https://www.fideltour.com/blog/tag/fideltour/,0.0,102.0,0.0,11.58
https://subdominio.fideltour.com/blog/marketing/estrategias-marketing-hoteles/,0.0,101.0,0.0,55.67
https://support.fideltour.com/portal/es/kb/articles/rgpd,0.0,100.0,0.0,49.57
https://www.fideltour.com/en/guest-id-for-hotels/,0.0,97.0,0.0,6.46
https://www.fideltour.com/en/hotel-experiences/,0.0,87.0,0.0,6.55
https://www.fideltour.com/blog/author/be1756a24c/,0.0,80.0,0.0,10.55
https://automations.roadmap.fideltour.com/,0.0,79.0,0.0,12.57
https://www.fideltour.com/pt-pt/registo/,0.0,72.0,0.0,10.51
https://recruit.fideltour.com/jobs/Careers/21704000005188005/LATAM-Key-Account-Manager?source=CareerSite,0.0,71.0,0.0,8.32
https://www.fideltour.com/auditoria-fidelizacao/,0.0,71.0,0.0,23.21
https://www.fideltour.com/pt-pt/ligar-se-ao-seu-cliente-2/,0.0,71.0,0.0,63.97
https://www.fideltour.com/en/registration/,0.0,68.0,0.0,6.21
https://www.fideltour.com/blog/marketing/guest-journey-la-importancia-de-la-comunicacion-pre-estancia/,0.0,65.0,0.0,5.08
https://www.fideltour.com/pt-pt/mercado/,0.0,65.0,0.0,9.97
https://learn.fideltour.com/external/manual/hoteldatahub-api-v1/article/consentimientos-gdpr?p=a0f1f9539beee4f1ce92b65b4bf3ab0c79d06ca6324c0e30103270fe62ca1fdb,0.0,62.0,0.0,54.68
https://subdominio.fideltour.com/,0.0,58.0,0.0,6.07
https://backend.fideltour.com/t/view/82d5ac5ac0b10a1d230fd3bfe88a69ec/,0.0,58.0,0.0,71.86
https://management.fideltour.com/,0.0,55.0,0.0,11.22
https://www.fideltour.com/blog/tag/partnership/,0.0,55.0,0.0,15.36
https://www.fideltour.com/en/blog/fidelizacion-en/como-fidelizar-al-huesped/,0.0,54.0,0.0,46.59
https://www.fideltour.com/en/blog/author/be1756a24c/,0.0,53.0,0.0,14.85
https://www.fideltour.com/en/keytel-it/,0.0,53.0,0.0,16.06
https://www.fideltour.com/en/blog/tag/crm-para-hoteles-en/,0.0,52.0,0.0,49.94
https://intranet.fideltour.com/fr/guest-portal/9V6X/,0.0,50.0,0.0,11.54
https://www.fideltour.com/en/blog/crm-en/fideltour-crm-hotelero-fidelizacion-marketing/,0.0,50.0,0.0,49.38
https://support.fideltour.com/portal/en/kb/articles/what-is-the-crm-module-and-how-does-it-work,0.0,49.0,0.0,12.55
https://www.fideltour.com/en/success-stories/,0.0,48.0,0.0,7.35
https://intranet.fideltour.com/en/guest-portal/QVIP/register/,0.0,44.0,0.0,7.89
https://intranet.fideltour.com/en/guest-portal/VVPB/register/,0.0,43.0,0.0,10.79
https://subdominio.fideltour.com/en/know-your-customer/,0.0,42.0,0.0,11.33
https://www.fideltour.com/en/blog/fidelizacion-en/fidelizar-a-tu-cliente-mientras-esta-alojado/,0.0,42.0,0.0,42.95
https://support.fideltour.com/portal/es/kb/articles/como-funciona-el-proceso-de-envío-de-email-desde-fideltour,0.0,41.0,0.0,8.12
https://whatsapp.roadmap.fideltour.com/,0.0,40.0,0.0,12.88
https://www.fideltour.com/web-push-para-hoteles/,0.0,40.0,0.0,21.55
https://support.fideltour.com/portal/en/signin,0.0,39.0,0.0,6.38
https://intranet.fideltour.com/fr/guest-portal/FR/E7J3/,0.0,37.0,0.0,4.92
https://academy.fideltour.com/docs/modulo-crm/que-es-y-como-funciona-el-modulo-de-crm/,0.0,37.0,0.0,49.54
https://www.fideltour.com/en/blog/fideltalks-en/fideltalks-rebeca-artidiello-cool-hotels/,0.0,36.0,0.0,5.75
https://intranet.fideltour.com/en/guest-portal/9V6X/register/,0.0,35.0,0.0,9.4
https://backend.fideltour.com/t/view/134c2fabd34fdb59dd66da3e07a9b43f/,0.0,35.0,0.0,22.77
https://subdominio.fideltour.com/blog/marketing/estrategias-para-mejorar-marketing-hotelero/,0.0,35.0,0.0,49.06
https://rewards.roadmap.fideltour.com/,0.0,34.0,0.0,15.76
https://www.fideltour.com/pt-pt/melhorar-a-sua-reputacao/,0.0,33.0,0.0,9.21
https://recruit.fideltour.com/jobs/Careers/21704000004762031/Python-Developer?source=RSS,0.0,32.0,0.0,5.09
https://loyalty.fideltour.com/,0.0,32.0,0.0,15.56
https://www.fideltour.com/pt-pt/kit-digital/,0.0,31.0,0.0,11.87
https://recruit.fideltour.com/jobs/home/21704000005789057/LATAM-Customer-Support-Agent-?source=CareerSite,0.0,31.0,0.0,13.39
https://www.fideltour.com/blog/fideltour/fideltour-mejor-crm-de-europa/,0.0,30.0,0.0,4.9
https://support.fideltour.com/portal/es/kb/articles/cómo-creo-y-activo-mis-encuestas-de-durante-estancia-y-post-estancia-3-10-2024,0.0,30.0,0.0,7.8
https://intranet.fideltour.com/en/guest-portal/K7P4/register/,0.0,29.0,0.0,8.93
https://recruit.fideltour.com/jobs/home/21704000005578009/Director-Financiero---CFO?source=CareerSite,0.0,29.0,0.0,9.66
https://subdominio.fideltour.com/terminos-y-condiciones/,0.0,28.0,0.0,6.25
https://www.fideltour.com/blog/author/be1756a24c/page/3/,0.0,28.0,0.0,23.18
https://backend.fideltour.com/t/view/0fae70551c2956b2aa47345046fbfc41/,0.0,28.0,0.0,25.07
https://www.fideltour.com/blog/tag/eventos/,0.0,28.0,0.0,26.79
https://ia.roadmap.fideltour.com/,0.0,27.0,0.0,12.0
https://support.fideltour.com/portal/en/kb/articles/how-to-import-reservations-into-fideltour,0.0,26.0,0.0,5.38
https://support.fideltour.com/portal/es/kb/espacio-para-desarrolladores/configuración-avanzada,0.0,26.0,0.0,5.96
https://support.fideltour.com/portal/en/kb/articles/domain-and-ssl-configuration-manual,0.0,25.0,0.0,4.16
https://support.fideltour.com/portal/en/kb/articles/how-do-survey-alerts-work,0.0,25.0,0.0,12.28
https://iq.fideltour.com/,0.0,25.0,0.0,19.48
https://subdominio.fideltour.com/blog/reviews/como-crear-encuesta-perfecta-hotel/,0.0,25.0,0.0,27.24
https://support.fideltour.com/portal/es/kb/articles/por-qué-es-importante-el-peso-de-tus-e-mails,0.0,24.0,0.0,5.0
https://www.fideltour.com/en/contact-2/,0.0,24.0,0.0,7.46
https://intranet.fideltour.com/fr/guest-portal/E7J3/,0.0,24.0,0.0,12.0
https://recruit.fideltour.com/jobs/Careers/21704000004497046/Financial-controller?source=CareerSite,0.0,23.0,0.0,6.7
https://intranet.fideltour.com/en/guest-portal/DFDL/unsubscribe/a397580ff8da621069bec54904b8b46e/?unsubscribe,0.0,23.0,0.0,8.3
https://support.fideltour.com/portal/en/kb/articles/where-can-i-see-the-history-of-all-the-points-redeemed,0.0,23.0,0.0,8.78
https://intranet.fideltour.com/fr/guest-portal/E7J3/register/,0.0,23.0,0.0,11.43
https://www.fideltour.com/en/blog/marketing-en/estrategias-para-mejorar-marketing-hotelero/,0.0,23.0,0.0,30.87
https://www.fideltour.com/blog/crm/5-beneficios-de-contar-con-un-crm-hotelero/,0.0,22.0,0.0,4.41
https://recruit.fideltour.com/jobs/Careers/21704000003093003/AE---Barcelona?source=CareerSite,0.0,22.0,0.0,6.14
https://support.fideltour.com/portal/es/kb/articles/cómo-crear-mis-productos-de-rewards,0.0,22.0,0.0,10.23
https://www.fideltour.com/en/blog/fidelizacion-en/inversion-tecnologica-hoteles-rentabilidad/,0.0,22.0,0.0,29.05
https://recruit.fideltour.com/jobs/home/21704000002806052/Customer-Support?source=CareerSite,0.0,21.0,0.0,4.05
https://intranet.fideltour.com/guest-portal/7MY6/unsubscribe/216e06c260b21140203c6b1ef8228c21/,0.0,21.0,0.0,4.71
https://www.fideltour.com/en/success-stories/urban-hotel/,0.0,21.0,0.0,5.52
https://recruit.fideltour.com/jobs/Careers/21704000005640013/Web-Content-Executive?source=CareerSite,0.0,21.0,0.0,54.81
https://review.fideltour.com/,0.0,20.0,0.0,25.25
https://www.fideltour.com/recursos/nuestros-videos-crm-hotelero/,0.0,20.0,0.0,35.05
https://subdominio.fideltour.com/blog/fideltour/whatsapp-para-hoteles-fideltour/,0.0,19.0,0.0,10.26
https://backend.fideltour.com/t/view/56a428700e3f1ec8fd9772fccb174f6d/,0.0,19.0,0.0,38.89
https://www.fideltour.com/en/blog/marketing-en/e-mail-marketing-para-hoteles-por-donde-empezar/,0.0,19.0,0.0,51.26
https://recruit.fideltour.com/jobs/home/21704000004762031/Desarrollador-de-Python?source=CareerSite,0.0,19.0,0.0,68.63
https://www.fideltour.com/perfil/,0.0,18.0,0.0,5.83
https://support.fideltour.com/portal/en/kb/articles/brief-tour-of-the-review-module,0.0,18.0,0.0,6.94
https://www.fideltour.com/keytel-en/,0.0,18.0,0.0,6.94
https://support.fideltour.com/portal/es/newticket,0.0,18.0,0.0,8.17
https://backend.fideltour.com/t/view/cb10bdf140ecd21eccd27fc329068b2d/,0.0,18.0,0.0,41.89
https://b2c.roadmap.fideltour.com/app,0.0,18.0,0.0,50.06
https://www.fideltour.com/blog/tag/fidelizacion-hotelera/,0.0,17.0,0.0,5.59
https://support.fideltour.com/portal/en/kb/articles/how-do-i-segment-my-clients-in-fideltour,0.0,17.0,0.0,6.24
https://www.fideltour.com/en/resources/hotel-crm-training-videos/,0.0,17.0,0.0,6.59
https://recruit.fideltour.com/jobs/Careers/21704000005597037/Product-Manager?source=CareerSite,0.0,17.0,0.0,8.18
https://academy.fideltour.com/foros/,0.0,17.0,0.0,16.24
https://www.fideltour.com/en/blog/crm-en/big-data-en-el-sector-hotelero/,0.0,17.0,0.0,17.24
https://subdominio.fideltour.com/en/keytel-en/,0.0,17.0,0.0,25.71
https://backend.fideltour.com/t/view/17256835664af8d5eb94b7adee761f8f/,0.0,17.0,0.0,25.94
https://support.fideltour.com/portal/en/kb/articles/how-to-prevent-your-emails-from-falling-into-spam,0.0,16.0,0.0,5.62
https://intranet.fideltour.com/es/guest-portal/VVPB/register/,0.0,16.0,0.0,7.62
https://support.fideltour.com/portal/es/kb/articles/cómo-reducir-el-tamaño-y-peso-de-tus-e-mails-de-marketing,0.0,16.0,0.0,9.06
https://www.fideltour.com/en/blog/fidelizacion-en/como-fidelizar-en-hoteles-boutique/,0.0,16.0,0.0,10.94
https://backend.fideltour.com/t/view/6e7577970d8d63051ad903c281fb017a/,0.0,16.0,0.0,45.69
https://support.fideltour.com/portal/es/kb/articles/cómo-funcionan-las-alertas-de-las-encuestas,0.0,15.0,0.0,7.8
https://www.fideltour.com/en/fideltour-digital-kit/,0.0,15.0,0.0,8.33
https://www.fideltour.com/pt-pt/contacto/,0.0,15.0,0.0,26.4
https://subdominio.fideltour.com/en/contact/,0.0,14.0,0.0,9.14
https://www.fideltour.com/blog/recursos/guia-definitiva-para-mejorar-y-mantener-la-reputacion-online-de-tu-hotel/,0.0,14.0,0.0,9.93
https://backend.fideltour.com/t/verify-email/?token=b2916ca0c2120341c98c8e3a4fbc912d,0.0,14.0,0.0,10.0
https://backend.fideltour.com/t/view/1eeb299eb1e5a00733ddbab50a24673c/,0.0,14.0,0.0,43.86
https://recruit.fideltour.com/jobs/Careers/21704000004586055/Auxiliar-Administrativo?source=RSS,0.0,14.0,0.0,58.29
https://subdominio.fideltour.com/en/registration/,0.0,13.0,0.0,7.23
https://intranet.fideltour.com/es/guest-portal/9V6X/?recover_password_t,0.0,13.0,0.0,9.38
https://recruit.fideltour.com/jobs/Careers/21704000005789057/LATAM-Customer-Support-Agent-?source=CareerSite,0.0,13.0,0.0,9.85
https://backend.fideltour.com/t/link/f9e6de3bdbfb85cf30f92638a3d93964/b9adb22f399521e44823676500e56ed2526b5e6e000b7e0f4cac3c7f67ca4f9f/,0.0,13.0,0.0,20.31
https://www.fideltour.com/en/bookassist-lp-es/,0.0,13.0,0.0,32.15
https://academy.fideltour.com/cursos/fideltour-expert/,0.0,13.0,0.0,33.0
https://automations.roadmap.fideltour.com/app,0.0,13.0,0.0,62.46
https://www.fideltour.com/en/blog/,0.0,12.0,0.0,2.75
https://support.fideltour.com/portal/en/kb/articles/what-is-the-level-bonus-in-the-rewards-module,0.0,12.0,0.0,3.5
https://backend.fideltour.com/t/view/22a1dfa2ebd310f642abfbd568d3ff13/,0.0,12.0,0.0,7.25
https://support.fideltour.com/portal/en/kb/articles/how-is-the-rewards-module-configured,0.0,12.0,0.0,10.42
https://www.fideltour.com/pt-pt/historias-de-sucesso/,0.0,12.0,0.0,15.75
https://support.fideltour.com/portal/es/newticket?departmentId=37035000000007061,0.0,12.0,0.0,19.92
https://precheckin.fideltour.com/,0.0,12.0,0.0,39.92
https://subdominio.fideltour.com/blog/marketing/redes-sociales-para-hoteles/,0.0,12.0,0.0,47.0
https://subdominio.fideltour.com/blog/marketing/social-proof-para-hoteles/,0.0,11.0,0.0,4.27
https://www.fideltour.com/blog/marketing/rentabilidad-tendencias-marketing-hotelero/,0.0,11.0,0.0,5.64
https://intranet.fideltour.com/es/guest-portal/K7P4/register/,0.0,11.0,0.0,6.18
https://intranet.fideltour.com/en/guest-portal/K7P4/?recover_password_t,0.0,11.0,0.0,7.64
https://subdominio.fideltour.com/en/social-networks-for-hotels/,0.0,11.0,0.0,8.09
https://www.fideltour.com/en/success-stories/case-study-urban-hotel-axel/,0.0,11.0,0.0,8.55
https://subdominio.fideltour.com/blog/marketing/black-friday-promociones-hoteles-2/,0.0,11.0,0.0,8.64
https://intranet.fideltour.com/es/guest-portal/V7X5/register/,0.0,11.0,0.0,12.91
https://intranet.fideltour.com/en/guest-portal/DFDL/unsubscribe/6aeb8851ace879b7bbe53796f2fdc01c/?unsubscribe,0.0,11.0,0.0,13.64
https://www.fideltour.com/blog/recursos/,0.0,11.0,0.0,22.82
https://rewards.roadmap.fideltour.com/app,0.0,11.0,0.0,39.45
https://cdp.roadmap.fideltour.com/app,0.0,11.0,0.0,70.09
https://www.fideltour.com/blog/marketing/branding-hotelero-el-revenue-manager-silencioso/,0.0,10.0,0.0,8.0
https://www.fideltour.com/thankyou-freemium/,0.0,10.0,0.0,16.8
https://recruit.fideltour.com/jobs/home/21704000005789057/LATAM-Customer-Support-Agent?source=CareerSite,0.0,9.0,0.0,9.56
https://intranet.fideltour.com/de/guest-portal/E7J3/register/,0.0,9.0,0.0,14.56
https://subdominio.fideltour.com/blog/fidelizacion/auditoria-de-fidelizacion-para-hoteles/,0.0,9.0,0.0,24.22
https://recruit.fideltour.com/jobs/Careers/21704000004497046/Financial-controller?source=RSS,0.0,9.0,0.0,25.89
https://subdominio.fideltour.com/blog/reviews/encuestas-para-hoteles-mejora-negocio/,0.0,9.0,0.0,32.67
https://subdominio.fideltour.com/blog/crm/fideltour-crm-hotelero-fidelizacion-marketing/,0.0,9.0,0.0,36.22
https://recruit.fideltour.com/jobs/home/21704000005418173/Digital-Marketing-Specialist?source=CareerSite,0.0,9.0,0.0,47.89
https://subdominio.fideltour.com/recursos/workshops/,0.0,8.0,0.0,3.62
https://subdominio.fideltour.com/en/success-stories/,0.0,8.0,0.0,4.12
https://subdominio.fideltour.com/recursos/webinars/,0.0,8.0,0.0,4.25
https://support.fideltour.com/portal/es/kb/articles/cómo-añadir-las-ventajas-que-tiene-cada-nivel-del-club,0.0,8.0,0.0,5.25
https://www.fideltour.com/en/blog/marketing-en/segmentos-de-mercado-sector-hotelero/,0.0,8.0,0.0,6.25
https://intranet.fideltour.com/guest-portal/DFDL/unsubscribe/a397580ff8da621069bec54904b8b46e/,0.0,8.0,0.0,6.38
https://subdominio.fideltour.com/blog/fideltalks/fideltalks-videopodcast-fideltour/,0.0,8.0,0.0,6.75
https://intranet.fideltour.com/fr/guest-portal/9V6X/register/,0.0,8.0,0.0,8.88
https://www.fideltour.com/blog/author/estefania-duran/page/5/,0.0,8.0,0.0,9.0
https://backend.fideltour.com/t/link/c06ef4b6976db0b350e02fa102f6424a/9c2d112d19d6de27d3be1d337a7c0deb/,0.0,8.0,0.0,12.12
https://www.fideltour.com/pt-pt/tornar-se-um-parceiro/,0.0,8.0,0.0,15.25
https://www.fideltour.com/en/blog/fidelizacion-en/auditoria-de-fidelizacion-para-hoteles/,0.0,8.0,0.0,15.75
https://subdominio.fideltour.com/en/contact-2/,0.0,8.0,0.0,15.88
https://backend.fideltour.com/t/view/8b3bde118a13197d5e45a0f8f2f54e43/,0.0,8.0,0.0,16.62
https://subdominio.fideltour.com/blog/entrevistas/entrevista-victor-fernandez/,0.0,7.0,0.0,5.0
https://www.fideltour.com/casos-de-exito/hotel-urbano-centrico/,0.0,7.0,0.0,5.0
https://www.fideltour.com/blog/marketing/claves-pagina-web-hoteles-conversion/,0.0,7.0,0.0,7.14
https://www.fideltour.com/en/blog/tag/whatsapp-para-hoteles-en/,0.0,7.0,0.0,7.43
https://subdominio.fideltour.com/blog/,0.0,7.0,0.0,10.0
https://support.fideltour.com/portal/en/kb/articles/how-is-the-campaign-editor-used,0.0,7.0,0.0,12.43
https://subdominio.fideltour.com/blog/fideltour/fideltour-landings/,0.0,7.0,0.0,12.57
https://intranet.fideltour.com/en/guest-portal/D85L/unsubscribe/3785e25ac2151169f8e988c7b90122e3/?unsubscribe,0.0,7.0,0.0,35.0
https://subdominio.fideltour.com/blog/eventos/anato/,0.0,7.0,0.0,36.57
https://support.fideltour.com/portal/en/kb/general,0.0,7.0,0.0,56.86
https://backend.fideltour.com/api/contacts/subscription/?hc=Z66O&i=1687&lang=es,0.0,6.0,0.0,3.0
https://subdominio.fideltour.com/en/pricing-fideltour-dollars/,0.0,6.0,0.0,3.5
https://subdominio.fideltour.com/en/success-stories/success-story-urban-hotel-mij/,0.0,6.0,0.0,4.83
https://subdominio.fideltour.com/en/success-stories/success-story-vacation-protur/,0.0,6.0,0.0,5.67
https://support.fideltour.com/portal/en/kb/articles/how-to-change-the-fund-of-the-hotspot,0.0,6.0,0.0,6.0
https://subdominio.fideltour.com/blog/marketing/black-friday-promociones-hoteles/,0.0,6.0,0.0,7.0
https://backend.fideltour.com/t/link/dbea6aa471e3195e5b9125e2520098be/78c07f186625e4197c4d83b788da3404/,0.0,6.0,0.0,9.83
https://backend.fideltour.com/t/link/82d5ac5ac0b10a1d230fd3bfe88a69ec/6ec46012f0bfd2965b7f54833f8388dc/,0.0,6.0,0.0,10.17
https://support.fideltour.com/portal/en/kb/articles/how-do-i-create-and-schedule-an-automated-campaign,0.0,6.0,0.0,11.33
https://www.fideltour.com/pt-pt/historias-de-sucesso/estudo-de-caso-ferias-protur/,0.0,6.0,0.0,12.17
https://intranet.fideltour.com/fr/guest-portal/E7J3/?recover_password_t,0.0,6.0,0.0,18.5
https://intranet.fideltour.com/pt/guest-portal/9V6X/,0.0,6.0,0.0,32.5
https://backend.fideltour.com/t/view/431bea1f00b260c9ddd84dc90cdb5980/,0.0,6.0,0.0,33.67
https://subdominio.fideltour.com/blog/tag/encuestas-para-hoteles/,0.0,6.0,0.0,36.0
https://subdominio.fideltour.com/en/keytel-pt/,0.0,6.0,0.0,50.5
https://recruit.fideltour.com/jobs/home/21704000005529072/Key-Account-Manager?source=CareerSite,0.0,6.0,0.0,56.83
https://ia.roadmap.fideltour.com/app,0.0,6.0,0.0,68.33
https://recruit.fideltour.com/jobs/Careers/21704000004762031/Python-Developer?source=CareerSite,0.0,5.0,0.0,4.6
https://www.fideltour.com/pt-pt/politica-de-privacidade/,0.0,5.0,0.0,5.2
https://subdominio.fideltour.com/blog/entrevistas/entrevista-fermin-carmona/,0.0,5.0,0.0,6.0
https://subdominio.fideltour.com/casos-de-exito/hotel-vacacional/,0.0,5.0,0.0,6.0
https://backend.fideltour.com/t/view/0259258758c57e918d908cda53c3f02e/,0.0,5.0,0.0,6.2
https://support.fideltour.com/portal/en/kb/articles/where-and-how-do-i-view-my-campaign-statistics,0.0,5.0,0.0,6.4
https://support.fideltour.com/portal/en/kb/articles/fields-in-hotspot,0.0,5.0,0.0,6.6
https://subdominio.fideltour.com/blog/marketing/como-crear-una-landing-page/,0.0,5.0,0.0,6.8
https://www.fideltour.com/en/blog/fideltour-en/fideltour-landings/,0.0,5.0,0.0,7.0
https://www.fideltour.com/en/casos-de-exito/hotel-urbano-centrico/,0.0,5.0,0.0,7.6
https://support.fideltour.com/portal/en/kb/fideltour-landings,0.0,5.0,0.0,8.8
https://subdominio.fideltour.com/pt-pt/centralize-os-seus-dados-2/,0.0,5.0,0.0,9.0
https://www.fideltour.com/blog/recursos/acciones-para-incentivar-la-venta-directa-de-tu-hotel/,0.0,5.0,0.0,9.2
https://support.fideltour.com/portal/en/kb/articles/tips-for-getting-your-subscribers-to-click,0.0,5.0,0.0,10.6
https://backend.fideltour.com/t/view/f4192d7af3954b5918463bf5ad13b388/,0.0,5.0,0.0,12.4
https://subdominio.fideltour.com/bookassist-lp/,0.0,5.0,0.0,14.2
https://support.fideltour.com/portal/en/newticket,0.0,5.0,0.0,14.6
https://backend.fideltour.com/t/view/6aeb8851ace879b7bbe53796f2fdc01c/,0.0,5.0,0.0,16.2
https://subdominio.fideltour.com/en/blog/fidelizacion-en/hacer-encuesta-para-hoteles/,0.0,5.0,0.0,19.8
https://support.fideltour.com/portal/es/kb/fideltour-landings,0.0,5.0,0.0,20.0
https://www.fideltour.com/en/blog/fideltalks-en/fideltalks-episodio4-tendencias-marketing-hotelero/,0.0,5.0,0.0,21.8
https://social.roadmap.fideltour.com/,0.0,5.0,0.0,22.2
https://backend.fideltour.com/t/view/c6bb7b9efb683a09b4c93476380de220/,0.0,5.0,0.0,23.0
https://campaigns.roadmap.fideltour.com/app,0.0,5.0,0.0,57.0
https://intranet.fideltour.com/de/guest-portal/9V6X/register/,0.0,4.0,0.0,1.0
https://intranet.fideltour.com/guest-portal/DJMJ/unsubscribe/3592923e2b8fa5264525381d96ea70aa/,0.0,4.0,0.0,3.0
https://subdominio.fideltour.com/en/partners/,0.0,4.0,0.0,3.5
https://support.fideltour.com/portal/es/kb/articles/breve-tour-por-el-modulo-review,0.0,4.0,0.0,4.0
https://subdominio.fideltour.com/en/what-is-fideltour/,0.0,4.0,0.0,6.0
https://www.fideltour.com/en/thankyou-freemium/,0.0,4.0,0.0,6.0
https://www.fideltour.com/en/blog/recursos/,0.0,4.0,0.0,6.25
https://backend.fideltour.com/t/link/3592923e2b8fa5264525381d96ea70aa/87d4bfd38903d97fbe2e13e868854fb0/,0.0,4.0,0.0,7.0
https://www.fideltour.com/pt-pt/politica-de-cookies/,0.0,4.0,0.0,7.0
https://subdominio.fideltour.com/blog/marketing/whatsapp-hoteles-canal-comunicacion-millenials/,0.0,4.0,0.0,7.5
https://subdominio.fideltour.com/en/blog/fidelizacion-en/analitica-predictiva-hoteles/,0.0,4.0,0.0,7.75
https://subdominio.fideltour.com/blog/fideltalks/fideltalks-refineria-como-mejorar-la-venta-directa/,0.0,4.0,0.0,8.0
https://www.fideltour.com/blog/recursos/7-estructuras-de-e-mail-para-convertir/,0.0,4.0,0.0,9.0
https://backend.fideltour.com/t/view/d54d672d9dd199c9fb25f8273405c12c/,0.0,4.0,0.0,9.25
https://backend.fideltour.com/t/view/3592923e2b8fa5264525381d96ea70aa/,0.0,4.0,0.0,10.5
https://backend.fideltour.com/t/link/fe751e095819d1529036e1428f25189b/29f6acbc192322c5369fbdf7b31a1e02/,0.0,4.0,0.0,16.25
https://academy.fideltour.com/author/admin/,0.0,4.0,0.0,21.25
https://subdominio.fideltour.com/blog/crm/ventajas-integracion-datos-hoteles/,0.0,4.0,0.0,25.25
https://form.fideltour.com/d53a1859-0aaa-4e12-bbb5-76b37d44/?domain=www.gardenhotels.com&slug=de,0.0,4.0,0.0,26.5
https://recruit.fideltour.com/jobs/Careers/21704000004832063/QA-Tester?source=CareerSite,0.0,4.0,0.0,29.5
https://subdominio.fideltour.com/pt-pt/keytel-lp-4/,0.0,4.0,0.0,37.0
https://backend.fideltour.com/t/view/0aafe5784373c181a308afb5482afe1e/,0.0,4.0,0.0,45.75
https://backend.fideltour.com/t/view/d96d5538f7f2c50782d50918d5c36395/,0.0,4.0,0.0,89.0
http://www.fideltour.com/,0.0,3.0,0.0,1.0
https://fideltour.com/,0.0,3.0,0.0,1.33
https://subdominio.fideltour.com/recursos/cursos/,0.0,3.0,0.0,2.0
https://backend.fideltour.com/api/contacts/subscription/?hc=70L0&i&lang=ES&tags,0.0,3.0,0.0,2.67
https://subdominio.fideltour.com/blog/fideltour/fideltour-refineria-alianza-estrategica-sector-hotelero/,0.0,3.0,0.0,3.0
https://www.fideltour.com/pt-pt/academia-fideltour/workshops-fideltour/,0.0,3.0,0.0,3.0
https://subdominio.fideltour.com/blog/tag/entrevistas/,0.0,3.0,0.0,3.67
https://www.fideltour.com/blog/entrevistas/entrevista-fermin-carmona/,0.0,3.0,0.0,3.67
https://backend.fideltour.com/t/link/0a878d321d3fd8153612d73d7d826a6b/a5a85f29694991e09135d1da51aa35af/,0.0,3.0,0.0,4.67
https://subdominio.fideltour.com/zavia/,0.0,3.0,0.0,4.67
https://subdominio.fideltour.com/?fbth-tb=main-footer,0.0,3.0,0.0,5.0
https://subdominio.fideltour.com/blog/fidelizacion/fidelizacion-hotelera-tendencias/,0.0,3.0,0.0,5.0
https://www.fideltour.com/pt-pt/academia-fideltour/webinars-fideltour/,0.0,3.0,0.0,5.0
https://www.fideltour.com/pt-pt/contacto-2/,0.0,3.0,0.0,5.0
https://subdominio.fideltour.com/blog/category/fideltour/,0.0,3.0,0.0,5.33
https://subdominio.fideltour.com/blog/fidelizacion/inteligencia-artificial-hoteles/,0.0,3.0,0.0,6.0
https://subdominio.fideltour.com/blog/tag/marketing/,0.0,3.0,0.0,6.0
https://www.fideltour.com/pt-pt/keytel-lp-3/,0.0,3.0,0.0,6.33
https://subdominio.fideltour.com/blog/entrevistas/la-segmentacion-datos-es-clave/,0.0,3.0,0.0,6.67
https://academy.fideltour.com/events-with-calendar-list-pro-2/,0.0,3.0,0.0,7.0
https://support.fideltour.com/portal/en/kb/articles/use-of-dynamic-labels,0.0,3.0,0.0,7.0
https://www.fideltour.com/en/blog/tag/crm-en/,0.0,3.0,0.0,7.67
https://support.fideltour.com/portal/en/kb/articles/how-to-add-the-benefits-of-each-club-level,0.0,3.0,0.0,8.0
https://recruit.fideltour.com/jobs/Careers/21704000005583007/AE---Colombia?source=CareerSite,0.0,3.0,0.0,13.67
https://subdominio.fideltour.com/en/cookies-policy/,0.0,3.0,0.0,18.67
https://subdominio.fideltour.com/blog/fidelizacion/como-fidelizar-en-hoteles-boutique/,0.0,3.0,0.0,22.0
https://whatsapp.roadmap.fideltour.com/app,0.0,3.0,0.0,24.0
https://recruit.fideltour.com/jobs/Careers/21704000004652001/Diseñador-UX-UI?source=RSS,0.0,3.0,0.0,26.33
https://academy.fideltour.com/etn_category/presencial/,0.0,3.0,0.0,29.67
https://subdominio.fideltour.com/blog/fidelizacion/un-exhaustivo-analisis-del-turista-aleman/,0.0,3.0,0.0,30.67
https://backend.fideltour.com/t/view/216e06c260b21140203c6b1ef8228c21/,0.0,3.0,0.0,38.33
https://backend.fideltour.com/t/view/ffa98854c54efda253ef7fb5fe49e1ff/,0.0,3.0,0.0,44.33
https://backend.fideltour.com/t/view/f9e6de3bdbfb85cf30f92638a3d93964/,0.0,3.0,0.0,45.33
https://subdominio.fideltour.com/en/keytel-fr/,0.0,3.0,0.0,49.67
https://backend.fideltour.com/t/view/a397580ff8da621069bec54904b8b46e/,0.0,3.0,0.0,50.67
https://backend.fideltour.com/t/link/0259258758c57e918d908cda53c3f02e/c16a955eff964ec7fd6577be3d69029c/,0.0,3.0,0.0,61.0
https://intranet.fideltour.com/guest-portal/RJTD/unsubscribe/a44beaebd89e8c3578bbb1ae549f115b/,0.0,3.0,0.0,78.67
https://academy.fideltour.com/events-with-calendar-list-pro/,0.0,2.0,0.0,2.0
https://backend.fideltour.com/t/link/0aafe5784373c181a308afb5482afe1e/0c9d35b39fba8406612ee0106f8def90/,0.0,2.0,0.0,2.0
https://support.fideltour.com/portal/en/kb/articles/how-to-add-tags-to-my-contacts-in-fideltour,0.0,2.0,0.0,2.0
https://support.fideltour.com/portal/en/kb/articles/campaign-in-state-error,0.0,2.0,0.0,2.5
https://web.fideltour.com/activa-tus-ventajas/?utm_source=crm&utm_medium=email&utm_campaign=double-opt-in-wifi-cast&_ft_eid=3785e25ac2151169f8e988c7b90122e3,0.0,2.0,0.0,2.5
https://b2c.roadmap.fideltour.com/roadmap/produktly,0.0,2.0,0.0,3.0
https://subdominio.fideltour.com/blog/eventos/world-travel-market/,0.0,2.0,0.0,3.0
https://subdominio.fideltour.com/?fbth-tb=17937,0.0,2.0,0.0,3.5
https://backend.fideltour.com/t/view/3785e25ac2151169f8e988c7b90122e3/,0.0,2.0,0.0,4.0
https://support.fideltour.com/portal/en/kb/articles/frequent-reasons-why-rebounds-occur,0.0,2.0,0.0,4.0
https://subdominio.fideltour.com/blog/marketing/estrategias-omnicanal-para-hoteles/,0.0,2.0,0.0,4.5
https://subdominio.fideltour.com/perfil/,0.0,2.0,0.0,4.5
https://backend.fideltour.com/t/link/b7262e5de805f26e3f7e076610ef4db8/0acbfef4e52abad791413e17675da41dc9b3a98b6c169e6bf00905129a963e2e/,0.0,2.0,0.0,5.0
https://subdominio.fideltour.com/registration/,0.0,2.0,0.0,5.0
https://support.fideltour.com/portal/en/community,0.0,2.0,0.0,5.0
https://www.fideltour.com/en/resources/cursos/,0.0,2.0,0.0,5.0
https://intranet.fideltour.com/de/guest-portal/E7J3/?recover_password_t,0.0,2.0,0.0,5.5
https://subdominio.fideltour.com/blog/marketing/halloween-hoteles/,0.0,2.0,0.0,5.5
https://subdominio.fideltour.com/blog/tag/marketing-para-hoteles/,0.0,2.0,0.0,6.0
https://support.fideltour.com/portal/es/kb/general?page=2,0.0,2.0,0.0,6.0
https://automations.roadmap.fideltour.com/roadmap/produktly,0.0,2.0,0.0,6.5
https://subdominio.fideltour.com/blog/marketing/whatsapp-marketing-para-hoteles/,0.0,2.0,0.0,6.5
https://support.fideltour.com/portal/en/kb/articles/how-to-improve-my-email-content,0.0,2.0,0.0,6.5
https://recruit.fideltour.com/jobs/home/21704000005583007/AE---Colombia?source=CareerSite,0.0,2.0,0.0,7.0
https://support.fideltour.com/portal/en/kb/articles/how-do-i-create-and-activate-my-during-stay-and-post-stay-surveys,0.0,2.0,0.0,7.0
https://subdominio.fideltour.com/blog/entrevistas/entrevista-javier-zaforteza/,0.0,2.0,0.0,7.5
https://www.fideltour.com/pt-pt/academia-fideltour/,0.0,2.0,0.0,7.5
https://support.fideltour.com/portal/en/kb/articles/what-is-the-campaigns-module-and-work,0.0,2.0,0.0,8.0
https://subdominio.fideltour.com/blog/fideltour/into-fideltour/,0.0,2.0,0.0,8.5
https://recruit.fideltour.com/jobs/home/21704000003093003/AE---Barcelona?source=CareerSite,0.0,2.0,0.0,9.5
https://subdominio.fideltour.com/blog/fidelizacion/inversion-tecnologica-hoteles-rentabilidad/,0.0,2.0,0.0,9.5
https://intranet.fideltour.com/en/guest-portal/7F4M/unsubscribe/1560e4eff77e0f94e4ed9954e356cb20/?unsubscribe,0.0,2.0,0.0,10.0
https://experiences.roadmap.fideltour.com/app/integrations,0.0,2.0,0.0,10.5
https://backend.fideltour.com/t/view/749fb0731d02b89edcfa94b3b1174a8e/,0.0,2.0,0.0,11.0
https://intranet.fideltour.com/en/guest-portal/TI5B/unsubscribe/5b05ed78a659a4a239826b06ad39fff4/,0.0,2.0,0.0,14.0
https://subdominio.fideltour.com/blog/fideltalks/fideltalks-1x06-como-crear-empresa-tecnologica-hotelera/,0.0,2.0,0.0,14.5
https://backend.fideltour.com/t/link/dbea6aa471e3195e5b9125e2520098be/2ad7f0ee610453956a22cc5e2a0d7c19/,0.0,2.0,0.0,18.5
https://form.fideltour.com/46deeba9-be1a-4312-bc26-d8d96c58/,0.0,2.0,0.0,19.0
https://backend.fideltour.com/t/link/19167eb7e51dba8a7bfe144891b0eea1/49e0c400f2f4889af93701ea41157a47/,0.0,2.0,0.0,20.0
https://subdominio.fideltour.com/blog/fideltalks/fideltalks-episodio2-crear-embajadores-de-marca-para-tu-hotel/,0.0,2.0,0.0,25.0
https://subdominio.fideltour.com/en/improve-your-reputation/,0.0,2.0,0.0,27.5
https://support.fideltour.com/portal/en/kb/articles/how-to-create-and-schedule-an-a-b-test-campaign,0.0,2.0,0.0,27.5
https://subdominio.fideltour.com/blog/fideltalks/fideltalks-episodio4-tendencias-marketing-hotelero/,0.0,2.0,0.0,29.5
https://form.fideltour.com/c70857cd-057c-41c4-b161-adbc7b02/?domain=villanobistro.com&slug=eu,0.0,2.0,0.0,51.0
https://subdominio.fideltour.com/blog/marketing/crm-para-hoteles-vs-crm-generico/,0.0,2.0,0.0,51.0
https://backend.fideltour.com/t/view/19167eb7e51dba8a7bfe144891b0eea1/,0.0,2.0,0.0,52.5
https://academy.fideltour.com/foros/forum/fideltour/modulo-crm/,0.0,1.0,0.0,1.0
https://academy.fideltour.com/foros/forum/fideltour/modulo-loyalty/,0.0,1.0,0.0,1.0
https://academy.fideltour.com/fotos/,0.0,1.0,0.0,1.0
https://backend.fideltour.com/t/link/0aafe5784373c181a308afb5482afe1e/db1abfcaf847b5ae96cc1f1f2da0f825/,0.0,1.0,0.0,1.0
https://backend.fideltour.com/t/link/3592923e2b8fa5264525381d96ea70aa/0ed16fe2b9355fc4b839ca40377d70ae/,0.0,1.0,0.0,1.0
https://intranet.fideltour.com/pt/guest-portal/9V6X/?recover_password_t,0.0,1.0,0.0,1.0
https://subdominio.fideltour.com/keytel/,0.0,1.0,0.0,1.0
https://support.fideltour.com/portal/en/kb/articles/how-to-import-my-database-into-fideltour,0.0,1.0,0.0,1.0
https://support.fideltour.com/portal/en/kb/marketing,0.0,1.0,0.0,1.0
https://support.fideltour.com/portal/es/kb/general,0.0,1.0,0.0,1.0
https://www.fideltour.com/blog/fideltalks/fideltalks-rebeca-artidiello-cool-hotels/,0.0,1.0,0.0,1.0
https://form.fideltour.com/1cf31983-58a2-4599-ba1f-304f77f3/?domain=www.intelier.com&slug=newsletter,0.0,1.0,0.0,2.0
https://subdominio.fideltour.com/blog/category/fidelizacion/,0.0,1.0,0.0,2.0
https://support.fideltour.com/portal/en/kb/articles/how-to-create-my-rewards-products,0.0,1.0,0.0,2.0
https://b2c.roadmap.fideltour.com/app/integrations,0.0,1.0,0.0,3.0
https://backend.fideltour.com/t/link/f4192d7af3954b5918463bf5ad13b388/43c6f959af1178d6da78f84e835769a7/,0.0,1.0,0.0,3.0
https://form.fideltour.com/b819f3c0-f02a-4e6a-aebf-211dff09/?domain=villanobistro.com&slug=fr,0.0,1.0,0.0,3.0
https://subdominio.fideltour.com/en/blog/category/marketing-en/,0.0,1.0,0.0,3.0
https://subdominio.fideltour.com/en/resources/ebooks/,0.0,1.0,0.0,3.0
https://subdominio.fideltour.com/pt-pt/ligar-se-ao-seu-cliente-2/,0.0,1.0,0.0,3.0
https://support.fideltour.com/portal/en/kb/articles/how-do-i-create-a-segment-in-fideltour,0.0,1.0,0.0,3.0
https://support.fideltour.com/portal/es/kb/articles/cómo-añadir-etiquetas-a-mis-contactos-en-fideltour-25-9-2024,0.0,1.0,0.0,3.0
https://intranet.fideltour.com/guest-portal/DFDL/unsubscribe/6aeb8851ace879b7bbe53796f2fdc01c/,0.0,1.0,0.0,4.0
https://subdominio.fideltour.com/?fbth-tb=ecommecce-header,0.0,1.0,0.0,4.0
https://subdominio.fideltour.com/en/blog/category/entrevistas-en/,0.0,1.0,0.0,4.0
https://intranet.fideltour.com/guest-portal/FGYO/unsubscribe/f1b8bff758d548afdceec917dbff3ea7/,0.0,1.0,0.0,5.0
https://subdominio.fideltour.com/en/blog/tag/turismo-en/,0.0,1.0,0.0,5.0
https://form.fideltour.com/a8b44028-8d2c-4db4-b554-1a243ad6/?domain=indianoplaza.com&slug=en,0.0,1.0,0.0,6.0
https://subdominio.fideltour.com/blog/fidelizacion/como-fidelizar-hoteles-independientes/,0.0,1.0,0.0,6.0
https://subdominio.fideltour.com/en/blog/fidelizacion-en/inteligencia-artificial-hoteles/,0.0,1.0,0.0,6.0
https://subdominio.fideltour.com/en/resources/webinars/,0.0,1.0,0.0,6.0
https://subdominio.fideltour.com/?fbth-tb=footer-09,0.0,1.0,0.0,7.0
https://subdominio.fideltour.com/blog/fideltour/updating-hotelero/,0.0,1.0,0.0,7.0
https://subdominio.fideltour.com/blog/tag/reputacion-hotelera/,0.0,1.0,0.0,7.0
https://subdominio.fideltour.com/en/blog/category/crm-en/,0.0,1.0,0.0,7.0
https://subdominio.fideltour.com/en/success-stories/vacation-hotel/,0.0,1.0,0.0,7.0
https://www.fideltour.com/pt-pt/centralize-os-seus-dados-2/,0.0,1.0,0.0,7.0
https://form.fideltour.com/aebfd73b-ddf1-445b-92c6-095bed7e/?domain=www.teatropereyraibiza.com&slug=en,0.0,1.0,0.0,8.0
https://intranet.fideltour.com/en/guest-portal/TI5B/unsubscribe/defb33b25eeadf5e9ef8a6f55a8a0c1b/,0.0,1.0,0.0,8.0
https://recruit.fideltour.com/jobs/Careers/21704000005529025/LATAM-Customer-Support-Agent?source=CareerSite,0.0,1.0,0.0,8.0
https://recruit.fideltour.com/jobs/Careers/21704000005640013/Web-Content-Executive?source=RSS,0.0,1.0,0.0,8.0
https://subdominio.fideltour.com/blog/tag/caso-de-exito/,0.0,1.0,0.0,8.0
https://subdominio.fideltour.com/en/perfil/,0.0,1.0,0.0,8.0
https://subdominio.fideltour.com/?fbth-tb=about-4,0.0,1.0,0.0,9.0
https://subdominio.fideltour.com/blog/fideltalks/fideltalks-episodio5-inbound-marketing-para-hoteles/,0.0,1.0,0.0,9.0
https://subdominio.fideltour.com/en/terms-and-conditions/,0.0,1.0,0.0,9.0
"https://cdn.fideltour.com/img/hc1460/Hodelpa Rewards/Hodelpa Rewards 
Logo.png",0.0,1.0,0.0,10.0
https://subdominio.fideltour.com/blog/marketing/claves-pagina-web-hoteles-conversion/,0.0,1.0,0.0,10.0
https://subdominio.fideltour.com/casos-de-exito/hotel-urbano/,0.0,1.0,0.0,10.0
https://subdominio.fideltour.com/?fbth-tb=footer-09-3,0.0,1.0,0.0,11.0
https://subdominio.fideltour.com/blog/crm/fideltour-social/,0.0,1.0,0.0,11.0
https://subdominio.fideltour.com/blog/marketing/marketing-experiencial-hoteles/,0.0,1.0,0.0,11.0
https://automations.roadmap.fideltour.com/app/integrations,0.0,1.0,0.0,12.0
https://intranet.fideltour.com/guest-portal/WIGX/unsubscribe/82d5ac5ac0b10a1d230fd3bfe88a69ec/,0.0,1.0,0.0,12.0
"https://cdn.fideltour.com/img/hc1460/Hodelpa Rewards/Hodelpa rewards Logo 
blanco completo.png",0.0,1.0,0.0,13.0
https://support.fideltour.com/portal/es/kb/articles/dónde-puedo-ver-el-historial-de-todos-los-puntos-canjeados-27-9-2024,0.0,1.0,0.0,13.0
https://backend.fideltour.com/t/link/8d869ae27c7d7098a7a1e91a000b9cc9/e261799100beb27700bfda78b9c6c521/,0.0,1.0,0.0,31.0
https://www.fideltour.com/en/blog/eventos-en/feria-itb-berlin/,0.0,1.0,0.0,31.0
https://subdominio.fideltour.com/en/fideltour-connect-centralize-your-data/,0.0,1.0,0.0,41.0
https://whatsapp.roadmap.fideltour.com/roadmap/produktly,0.0,1.0,0.0,54.0
https://backend.fideltour.com/t/view/c06ef4b6976db0b350e02fa102f6424a/,0.0,1.0,0.0,63.0
https://rewards.roadmap.fideltour.com/roadmap/produktly,0.0,1.0,0.0,93.0
https://subdominio.fideltour.com/en/blog/tag/encuestas-para-hoteles-en/,0.0,1.0,0.0,96.0
https://form.fideltour.com/12ba1291-fd68-4ff4-964d-40e3e313/,0.0,1.0,0.0,98.0
https://form.fideltour.com/7d03387c-76ab-44eb-b586-390e0472/,0.0,1.0,0.0,100.0
